role,skill,difficulty,session_type,output_question,source
Backend Developer,MongoDB,Easy,technical,Your MongoDB application is throwing an unhandled error on startup. What are your first steps?,template
DevOps Engineer,AWS,Hard,technical,"A deadlock is occurring in your AWS database layer during peak traffic. How do you detect, resolve, and prevent this?",template
Full Stack Developer,GraphQL,Medium,technical,A memory leak is suspected in your GraphQL application. How do you confirm and eliminate it?,template
Backend Developer,RabbitMQ,Easy,technical,"If a junior developer asked you to explain RabbitMQ, what real-world analogy would you use?",template
Frontend Developer,CSS,Hard,system_design,Architect a fault-tolerant job scheduling system using CSS. How do you handle failures without data loss?,template
Frontend Developer,JavaScript,Medium,technical,Your team is migrating an existing system to use JavaScript. What is your migration plan?,template
Frontend Developer,HTML5,Easy,system_design,Design a simple todo app using HTML5 as the core technology.,template
Full Stack Developer,TypeScript,Hard,system_design,Architect a fault-tolerant e-commerce platform using TypeScript. How do you handle failures without data loss?,template
Frontend Developer,TypeScript,Easy,technical,A basic TypeScript function is returning None unexpectedly. How do you debug it?,template
ML Engineer,Python,Hard,system_design,Design a highly scalable analytics dashboard using Python that handles 1 million events per second.,template
Frontend Developer,TypeScript,Medium,technical,A memory leak is suspected in your TypeScript application. How do you confirm and eliminate it?,template
Backend Developer,MongoDB,Medium,technical,What are common pitfalls when using MongoDB and how do you avoid them?,template
Data Analyst,Excel,Hard,behavioural,"Tell me about a time Excel caused a production incident that affected users. How did you lead the resolution, and what did you change afterwards?",template
ML Engineer,Feature Engineering,Easy,technical,Explain the basic concept of Feature Engineering in simple terms.,template
Backend Developer,Django,Hard,behavioural,"Tell me about a time Django caused a production incident that affected users. How did you lead the resolution, and what did you change afterwards?",template
Frontend Developer,Redux,Medium,technical,Your team is migrating an existing system to use Redux. What is your migration plan?,template
Full Stack Developer,Next.js,Hard,system_design,Design a multi-region deployment of Next.js for a global application with sub-100ms latency requirements.,template
Frontend Developer,HTML5,Hard,behavioural,"Tell me about a time HTML5 caused a production incident that affected users. How did you lead the resolution, and what did you change afterwards?",template
DevOps Engineer,Docker,Medium,technical,You are building a e-commerce platform and need to integrate Docker. Walk me through your approach.,template
Data Analyst,Python,Hard,technical,A race condition is occurring in your Python setup under load. Describe your complete debugging and resolution strategy.,template
Backend Developer,MongoDB,Easy,technical,Explain the basic concept of MongoDB in simple terms.,template
Backend Developer,RabbitMQ,Easy,system_design,Design a simple todo app using RabbitMQ as the core technology.,template
Backend Developer,Node.js,Easy,technical,Your Node.js application is throwing an unhandled error on startup. What are your first steps?,template
Frontend Developer,Redux,Hard,system_design,Design a multi-region deployment of Redux for a global application with sub-100ms latency requirements.,template
ML Engineer,MLflow,Hard,technical,You are the lead engineer on a e-commerce platform serving 5 million users. How would you architect MLflow into the stack?,template
Backend Developer,Docker,Medium,technical,You are building a URL shortener and need to integrate Docker. Walk me through your approach.,template
Data Analyst,NumPy,Hard,system_design,Design a highly scalable analytics dashboard using NumPy that handles 1 million events per second.,template
DevOps Engineer,Terraform,Hard,system_design,Design a highly scalable e-commerce platform using Terraform that handles 1 million events per second.,template
Frontend Developer,JavaScript,Medium,behavioural,Tell me about a time you had to convince your team to adopt JavaScript. How did you make the case?,template
Backend Developer,Redis,Medium,technical,Users are reporting intermittent failures in a Redis service. How do you reproduce and fix the issue?,template
Frontend Developer,Vue.js,Easy,technical,What problem does Vue.js solve in software development?,template
ML Engineer,MLflow,Medium,system_design,Design the database schema for a e-commerce platform that uses MLflow as its data layer.,template
Data Analyst,NumPy,Hard,technical,Your NumPy deployment is experiencing cascading failures across microservices. How do you isolate the root cause?,template
Data Analyst,Tableau,Easy,technical,A basic Tableau function is returning None unexpectedly. How do you debug it?,template
DevOps Engineer,Kubernetes,Hard,technical,Your real-time chat app is experiencing data corruption at 10x normal traffic. How do you use Kubernetes to diagnose and resolve it?,template
Backend Developer,RabbitMQ,Easy,behavioural,Tell me about a project where you used RabbitMQ.,template
Full Stack Developer,GraphQL,Hard,technical,"Compare GraphQL with its closest alternative in terms of performance, scalability, and developer experience.",template
Frontend Developer,JavaScript,Hard,technical,"Compare JavaScript with its closest alternative in terms of performance, scalability, and developer experience.",template
Data Analyst,SQL,Medium,system_design,Design the database schema for a real-time chat app that uses SQL as its data layer.,template
Data Analyst,Power BI,Medium,behavioural,Tell me about a time you had to convince your team to adopt Power BI. How did you make the case?,template
Frontend Developer,TypeScript,Medium,behavioural,Tell me about a time you had to convince your team to adopt TypeScript. How did you make the case?,template
Frontend Developer,Webpack,Hard,technical,What are the internal memory management strategies used by Webpack?,template
ML Engineer,BERT,Medium,behavioural,Describe a challenging bug you solved using BERT. What was your thought process?,template
ML Engineer,MLflow,Medium,technical,How would you use MLflow to handle high concurrency in a real-world application?,template
Full Stack Developer,GraphQL,Easy,behavioural,Tell me about a project where you used GraphQL.,template
Backend Developer,MongoDB,Easy,technical,How would you use MongoDB to build a simple notification service?,template
ML Engineer,scikit-learn,Hard,behavioural,Describe a situation where you had to make a critical architectural decision involving scikit-learn under tight time pressure.,template
Backend Developer,RabbitMQ,Hard,behavioural,Describe a situation where you had to make a critical architectural decision involving RabbitMQ under tight time pressure.,template
DevOps Engineer,Ansible,Hard,technical,Your URL shortener is experiencing high latency spikes at 10x normal traffic. How do you use Ansible to diagnose and resolve it?,template
Frontend Developer,Webpack,Easy,behavioural,Tell me about a project where you used Webpack.,template
Backend Developer,Redis,Easy,technical,How would you use Redis to build a simple e-commerce platform?,template
Backend Developer,Redis,Medium,system_design,Design the database schema for a real-time chat app that uses Redis as its data layer.,template
Backend Developer,RabbitMQ,Hard,technical,A race condition is occurring in your RabbitMQ setup under load. Describe your complete debugging and resolution strategy.,template
Frontend Developer,JavaScript,Easy,technical,"If a junior developer asked you to explain JavaScript, what real-world analogy would you use?",template
Data Analyst,Tableau,Hard,technical,A race condition is occurring in your Tableau setup under load. Describe your complete debugging and resolution strategy.,template
Backend Developer,RabbitMQ,Easy,technical,Explain the basic concept of RabbitMQ in simple terms.,template
Backend Developer,PostgreSQL,Hard,technical,"How does PostgreSQL ensure fault tolerance at scale, and what are its architectural limitations?",template
Data Analyst,Tableau,Hard,technical,"A deadlock is occurring in your Tableau database layer during peak traffic. How do you detect, resolve, and prevent this?",template
ML Engineer,scikit-learn,Easy,technical,Your scikit-learn application is throwing an unhandled error on startup. What are your first steps?,template
Data Analyst,Pandas,Medium,behavioural,Tell me about a time you had to convince your team to adopt Pandas. How did you make the case?,template
Frontend Developer,CSS,Medium,technical,Explain how CSS works under the hood.,template
Data Analyst,NumPy,Medium,technical,A memory leak is suspected in your NumPy application. How do you confirm and eliminate it?,template
Frontend Developer,Vue.js,Easy,technical,Your Vue.js application is throwing an unhandled error on startup. What are your first steps?,template
ML Engineer,MLflow,Hard,system_design,Architect a fault-tolerant analytics dashboard using MLflow. How do you handle failures without data loss?,template
Backend Developer,Docker,Hard,behavioural,"Tell me about a time Docker caused a production incident that affected users. How did you lead the resolution, and what did you change afterwards?",template
Backend Developer,Redis,Easy,technical,What problem does Redis solve in software development?,template
Frontend Developer,Redux,Medium,behavioural,Describe a challenging bug you solved using Redux. What was your thought process?,template
Full Stack Developer,MongoDB,Medium,technical,What are the trade-offs of using MongoDB over alternatives?,template
ML Engineer,PyTorch,Easy,technical,You are starting a new ML Engineer project. Why would you choose PyTorch?,template
Backend Developer,RabbitMQ,Hard,technical,What are the internal memory management strategies used by RabbitMQ?,template
ML Engineer,Model Deployment,Medium,technical,Users are reporting intermittent failures in a Model Deployment service. How do you reproduce and fix the issue?,template
Full Stack Developer,TypeScript,Easy,technical,What are the main features of TypeScript?,template
Data Analyst,SQL,Easy,behavioural,Tell me about a project where you used SQL.,template
ML Engineer,scikit-learn,Hard,technical,Your scikit-learn deployment is experiencing cascading failures across microservices. How do you isolate the root cause?,template
Backend Developer,Docker,Medium,system_design,"How would you design a RESTful API using Docker that supports 10,000 concurrent users?",template
Frontend Developer,Vue.js,Hard,system_design,Design a multi-region deployment of Vue.js for a global application with sub-100ms latency requirements.,template
ML Engineer,Feature Engineering,Easy,technical,"If a junior developer asked you to explain Feature Engineering, what real-world analogy would you use?",template
DevOps Engineer,Jenkins,Medium,technical,Explain how Jenkins works under the hood.,template
DevOps Engineer,Terraform,Hard,system_design,Architect a fault-tolerant analytics dashboard using Terraform. How do you handle failures without data loss?,template
Frontend Developer,TypeScript,Easy,technical,"If a junior developer asked you to explain TypeScript, what real-world analogy would you use?",template
Backend Developer,Python,Hard,technical,Your Python deployment is experiencing cascading failures across microservices. How do you isolate the root cause?,template
Backend Developer,Django,Medium,technical,A Django application in production is consuming 90% CPU. How do you investigate and resolve this?,template
Backend Developer,Python,Easy,technical,A basic Python function is returning None unexpectedly. How do you debug it?,template
Backend Developer,PostgreSQL,Easy,technical,Define PostgreSQL and its primary use case.,template
Frontend Developer,JavaScript,Medium,system_design,"How would you design a RESTful API using JavaScript that supports 10,000 concurrent users?",template
Data Analyst,Pandas,Hard,technical,Your job scheduling system is experiencing high latency spikes at 10x normal traffic. How do you use Pandas to diagnose and resolve it?,template
DevOps Engineer,Ansible,Easy,behavioural,Tell me about a project where you used Ansible.,template
DevOps Engineer,Kubernetes,Easy,behavioural,Describe your experience learning Kubernetes for the first time.,template
Data Analyst,Python,Medium,technical,How would you use Python to handle caching invalidation in a real-world application?,template
Backend Developer,Python,Hard,technical,"A deadlock is occurring in your Python database layer during peak traffic. How do you detect, resolve, and prevent this?",template
Backend Developer,FastAPI,Easy,technical,What are the main features of FastAPI?,template
Full Stack Developer,Docker,Hard,technical,Your analytics dashboard is experiencing connection pool exhaustion at 10x normal traffic. How do you use Docker to diagnose and resolve it?,template
ML Engineer,TensorFlow,Medium,system_design,Design a notification service that uses TensorFlow for audit logging. What components would you include?,template
ML Engineer,scikit-learn,Easy,technical,How would you use scikit-learn to build a simple real-time chat app?,template
ML Engineer,scikit-learn,Easy,behavioural,Describe your experience learning scikit-learn for the first time.,template
Data Analyst,Tableau,Medium,system_design,"How would you design a RESTful API using Tableau that supports 10,000 concurrent users?",template
Data Analyst,SQL,Hard,technical,You are the lead engineer on a analytics dashboard serving 5 million users. How would you architect SQL into the stack?,template
Backend Developer,RabbitMQ,Medium,technical,How does RabbitMQ handle rate limiting in a production environment?,template
Data Analyst,SQL,Easy,behavioural,Describe your experience learning SQL for the first time.,template
Full Stack Developer,GraphQL,Hard,technical,"How does GraphQL ensure low read latency at scale, and what are its architectural limitations?",template
ML Engineer,scikit-learn,Hard,technical,What are the internal memory management strategies used by scikit-learn?,template
Data Analyst,NumPy,Medium,technical,A NumPy application in production is consuming 90% CPU. How do you investigate and resolve this?,template
Backend Developer,Node.js,Easy,behavioural,Describe your experience learning Node.js for the first time.,template
DevOps Engineer,CI/CD,Medium,technical,A CI/CD application in production is consuming 90% CPU. How do you investigate and resolve this?,template
DevOps Engineer,Kubernetes,Easy,technical,Your Kubernetes application is throwing an unhandled error on startup. What are your first steps?,template
Backend Developer,Docker,Hard,technical,Your URL shortener is experiencing connection pool exhaustion at 10x normal traffic. How do you use Docker to diagnose and resolve it?,template
Data Analyst,NumPy,Hard,behavioural,Describe a situation where you had to make a critical architectural decision involving NumPy under tight time pressure.,template
Backend Developer,Node.js,Easy,technical,How would you use Node.js to build a simple job scheduling system?,template
ML Engineer,scikit-learn,Hard,system_design,Design a highly scalable URL shortener using scikit-learn that handles 1 million events per second.,template
DevOps Engineer,CI/CD,Medium,technical,Users are reporting intermittent failures in a CI/CD service. How do you reproduce and fix the issue?,template
Backend Developer,Redis,Easy,system_design,Design a simple todo app using Redis as the core technology.,template
Backend Developer,RabbitMQ,Medium,behavioural,Describe a challenging bug you solved using RabbitMQ. What was your thought process?,template
Data Analyst,NumPy,Medium,technical,What are the trade-offs of using NumPy over alternatives?,template
Backend Developer,Django,Hard,technical,A critical deadline is approaching and Django is causing unexpected data corruption. How do you manage the situation?,template
ML Engineer,BERT,Easy,technical,Your BERT application is throwing an unhandled error on startup. What are your first steps?,template
ML Engineer,scikit-learn,Medium,system_design,Design the database schema for a notification service that uses scikit-learn as its data layer.,template
ML Engineer,TensorFlow,Medium,system_design,"How would you design a RESTful API using TensorFlow that supports 10,000 concurrent users?",template
ML Engineer,MLflow,Hard,system_design,Design a highly scalable e-commerce platform using MLflow that handles 1 million events per second.,template
Frontend Developer,Vue.js,Hard,technical,"Compare Vue.js with its closest alternative in terms of performance, scalability, and developer experience.",template
Data Analyst,Python,Hard,technical,A critical deadline is approaching and Python is causing unexpected memory leak. How do you manage the situation?,template
ML Engineer,MLflow,Easy,system_design,Design a simple todo app using MLflow as the core technology.,template
DevOps Engineer,AWS,Easy,behavioural,Describe your experience learning AWS for the first time.,template
Backend Developer,RabbitMQ,Easy,technical,You are starting a new Backend Developer project. Why would you choose RabbitMQ?,template
Data Analyst,Power BI,Medium,system_design,Design a notification service that uses Power BI for full-text search. What components would you include?,template
DevOps Engineer,Terraform,Easy,system_design,How would you structure a basic project using Terraform?,template
Data Analyst,Pandas,Medium,system_design,"How would you design a RESTful API using Pandas that supports 10,000 concurrent users?",template
Frontend Developer,TypeScript,Easy,system_design,Design a simple todo app using TypeScript as the core technology.,template
Backend Developer,FastAPI,Easy,technical,A basic FastAPI function is returning None unexpectedly. How do you debug it?,template
ML Engineer,BERT,Easy,system_design,Design a simple todo app using BERT as the core technology.,template
Data Analyst,Excel,Medium,technical,What are common pitfalls when using Excel and how do you avoid them?,template
Frontend Developer,Webpack,Hard,technical,A critical deadline is approaching and Webpack is causing unexpected data corruption. How do you manage the situation?,template
DevOps Engineer,Ansible,Easy,system_design,How would you structure a basic project using Ansible?,template
DevOps Engineer,Linux,Hard,technical,Your URL shortener is experiencing memory leak at 10x normal traffic. How do you use Linux to diagnose and resolve it?,template
Frontend Developer,JavaScript,Hard,behavioural,"Tell me about a time JavaScript caused a production incident that affected users. How did you lead the resolution, and what did you change afterwards?",template
Backend Developer,MongoDB,Easy,behavioural,Describe your experience learning MongoDB for the first time.,template
Full Stack Developer,MongoDB,Hard,system_design,Design a multi-region deployment of MongoDB for a global application with sub-100ms latency requirements.,template
Frontend Developer,React,Hard,technical,You are the lead engineer on a URL shortener serving 5 million users. How would you architect React into the stack?,template
Frontend Developer,CSS,Medium,technical,A CSS application in production is consuming 90% CPU. How do you investigate and resolve this?,template
Frontend Developer,Vue.js,Easy,system_design,Design a simple todo app using Vue.js as the core technology.,template
DevOps Engineer,Jenkins,Medium,technical,Your team is migrating an existing system to use Jenkins. What is your migration plan?,template
Full Stack Developer,React,Easy,technical,"If a junior developer asked you to explain React, what real-world analogy would you use?",template
DevOps Engineer,Jenkins,Easy,technical,What are the main features of Jenkins?,template
Data Analyst,Power BI,Hard,technical,"Compare Power BI with its closest alternative in terms of performance, scalability, and developer experience.",template
Backend Developer,MongoDB,Easy,behavioural,Tell me about a project where you used MongoDB.,template
Backend Developer,REST API,Easy,technical,What are the main features of REST API?,template
Data Analyst,Statistics,Hard,technical,What are the internal memory management strategies used by Statistics?,template
Full Stack Developer,Next.js,Easy,technical,How would you use Next.js to build a simple real-time chat app?,template
DevOps Engineer,Kubernetes,Medium,behavioural,Describe a challenging bug you solved using Kubernetes. What was your thought process?,template
Backend Developer,Kafka,Easy,behavioural,Describe your experience learning Kafka for the first time.,template
Backend Developer,FastAPI,Medium,technical,How does FastAPI handle high concurrency in a production environment?,template
Data Analyst,Pandas,Easy,technical,You are starting a new Data Analyst project. Why would you choose Pandas?,template
ML Engineer,Feature Engineering,Hard,behavioural,"Tell me about a time Feature Engineering caused a production incident that affected users. How did you lead the resolution, and what did you change afterwards?",template
ML Engineer,BERT,Hard,system_design,Architect a fault-tolerant analytics dashboard using BERT. How do you handle failures without data loss?,template
Frontend Developer,TypeScript,Hard,technical,What are the internal memory management strategies used by TypeScript?,template
DevOps Engineer,Jenkins,Medium,behavioural,Describe a challenging bug you solved using Jenkins. What was your thought process?,template
DevOps Engineer,AWS,Hard,system_design,Design a highly scalable real-time chat app using AWS that handles 1 million events per second.,template
DevOps Engineer,AWS,Hard,technical,"How does AWS ensure eventual consistency at scale, and what are its architectural limitations?",template
DevOps Engineer,Linux,Hard,technical,A critical deadline is approaching and Linux is causing unexpected data corruption. How do you manage the situation?,template
ML Engineer,Feature Engineering,Hard,technical,Your real-time chat app is experiencing connection pool exhaustion at 10x normal traffic. How do you use Feature Engineering to diagnose and resolve it?,template
ML Engineer,TensorFlow,Easy,behavioural,Describe your experience learning TensorFlow for the first time.,template
Data Analyst,Pandas,Hard,behavioural,Describe a situation where you had to make a critical architectural decision involving Pandas under tight time pressure.,template
Data Analyst,Tableau,Medium,technical,Explain how Tableau works under the hood.,template
Backend Developer,REST API,Easy,behavioural,Tell me about a project where you used REST API.,template
Backend Developer,Python,Easy,technical,Define Python and its primary use case.,template
Data Analyst,NumPy,Hard,technical,"How does NumPy ensure eventual consistency at scale, and what are its architectural limitations?",template
Data Analyst,Statistics,Easy,technical,"If a junior developer asked you to explain Statistics, what real-world analogy would you use?",template
DevOps Engineer,CI/CD,Medium,behavioural,Describe a challenging bug you solved using CI/CD. What was your thought process?,template
Backend Developer,FastAPI,Medium,technical,A FastAPI application in production is consuming 90% CPU. How do you investigate and resolve this?,template
ML Engineer,Model Deployment,Medium,technical,How would you use Model Deployment to handle rate limiting in a real-world application?,template
Backend Developer,FastAPI,Easy,technical,"If a junior developer asked you to explain FastAPI, what real-world analogy would you use?",template
DevOps Engineer,Ansible,Medium,technical,What are common pitfalls when using Ansible and how do you avoid them?,template
ML Engineer,Model Deployment,Medium,behavioural,Tell me about a time you had to convince your team to adopt Model Deployment. How did you make the case?,template
Frontend Developer,HTML5,Medium,technical,You are building a e-commerce platform and need to integrate HTML5. Walk me through your approach.,template
Data Analyst,Statistics,Hard,behavioural,Describe a situation where you had to make a critical architectural decision involving Statistics under tight time pressure.,template
ML Engineer,MLflow,Medium,behavioural,Describe a challenging bug you solved using MLflow. What was your thought process?,template
Data Analyst,Power BI,Hard,system_design,Architect a fault-tolerant notification service using Power BI. How do you handle failures without data loss?,template
DevOps Engineer,Ansible,Hard,technical,You are the lead engineer on a notification service serving 5 million users. How would you architect Ansible into the stack?,template
Frontend Developer,HTML5,Medium,technical,Users are reporting intermittent failures in a HTML5 service. How do you reproduce and fix the issue?,template
DevOps Engineer,AWS,Medium,system_design,Design a notification service that uses AWS for caching. What components would you include?,template
ML Engineer,Model Deployment,Easy,technical,"If a junior developer asked you to explain Model Deployment, what real-world analogy would you use?",template
Full Stack Developer,MongoDB,Easy,technical,"If a junior developer asked you to explain MongoDB, what real-world analogy would you use?",template
Backend Developer,MongoDB,Medium,system_design,"How would you design a RESTful API using MongoDB that supports 10,000 concurrent users?",template
Data Analyst,Tableau,Easy,system_design,How would you structure a basic project using Tableau?,template
Data Analyst,Pandas,Easy,technical,A basic Pandas function is returning None unexpectedly. How do you debug it?,template
ML Engineer,PyTorch,Hard,behavioural,"Tell me about a time PyTorch caused a production incident that affected users. How did you lead the resolution, and what did you change afterwards?",template
Backend Developer,MongoDB,Medium,behavioural,Tell me about a time you had to convince your team to adopt MongoDB. How did you make the case?,template
Frontend Developer,JavaScript,Hard,technical,"A deadlock is occurring in your JavaScript database layer during peak traffic. How do you detect, resolve, and prevent this?",template
Full Stack Developer,GraphQL,Hard,behavioural,"Tell me about a time GraphQL caused a production incident that affected users. How did you lead the resolution, and what did you change afterwards?",template
DevOps Engineer,Terraform,Easy,technical,What are the main features of Terraform?,template
Backend Developer,RabbitMQ,Medium,behavioural,Tell me about a time you had to convince your team to adopt RabbitMQ. How did you make the case?,template
ML Engineer,BERT,Medium,technical,Your team is migrating an existing system to use BERT. What is your migration plan?,template
Backend Developer,REST API,Medium,technical,You are building a analytics dashboard and need to integrate REST API. Walk me through your approach.,template
Full Stack Developer,Node.js,Medium,technical,Your team is migrating an existing system to use Node.js. What is your migration plan?,template
Backend Developer,RabbitMQ,Medium,technical,Your team is migrating an existing system to use RabbitMQ. What is your migration plan?,template
Frontend Developer,TypeScript,Hard,technical,A race condition is occurring in your TypeScript setup under load. Describe your complete debugging and resolution strategy.,template
Frontend Developer,Next.js,Easy,technical,How would you use Next.js to build a simple URL shortener?,template
ML Engineer,Feature Engineering,Hard,technical,"How does Feature Engineering ensure low read latency at scale, and what are its architectural limitations?",template
Data Analyst,Excel,Hard,technical,"How does Excel ensure fault tolerance at scale, and what are its architectural limitations?",template
Backend Developer,Docker,Easy,behavioural,Tell me about a project where you used Docker.,template
Backend Developer,Docker,Easy,technical,What are the main features of Docker?,template
ML Engineer,MLflow,Medium,technical,Users are reporting intermittent failures in a MLflow service. How do you reproduce and fix the issue?,template
Full Stack Developer,Node.js,Hard,technical,A race condition is occurring in your Node.js setup under load. Describe your complete debugging and resolution strategy.,template
Backend Developer,Node.js,Medium,technical,A memory leak is suspected in your Node.js application. How do you confirm and eliminate it?,template
DevOps Engineer,Docker,Hard,technical,A critical deadline is approaching and Docker is causing unexpected memory leak. How do you manage the situation?,template
Backend Developer,Kafka,Hard,technical,"Compare Kafka with its closest alternative in terms of performance, scalability, and developer experience.",template
Frontend Developer,Next.js,Easy,behavioural,Tell me about a project where you used Next.js.,template
DevOps Engineer,Docker,Hard,system_design,Architect a fault-tolerant job scheduling system using Docker. How do you handle failures without data loss?,template
Backend Developer,MongoDB,Easy,technical,You are starting a new Backend Developer project. Why would you choose MongoDB?,template
Backend Developer,Kafka,Easy,behavioural,Tell me about a project where you used Kafka.,template
Full Stack Developer,Node.js,Medium,technical,Explain how Node.js works under the hood.,template
Frontend Developer,Vue.js,Medium,system_design,"How would you design a RESTful API using Vue.js that supports 10,000 concurrent users?",template
Data Analyst,Pandas,Medium,technical,Your team is migrating an existing system to use Pandas. What is your migration plan?,template
Backend Developer,REST API,Hard,behavioural,"Tell me about a time REST API caused a production incident that affected users. How did you lead the resolution, and what did you change afterwards?",template
Frontend Developer,Redux,Hard,system_design,Architect a fault-tolerant analytics dashboard using Redux. How do you handle failures without data loss?,template
ML Engineer,scikit-learn,Medium,technical,A memory leak is suspected in your scikit-learn application. How do you confirm and eliminate it?,template
ML Engineer,TensorFlow,Hard,behavioural,"Tell me about a time TensorFlow caused a production incident that affected users. How did you lead the resolution, and what did you change afterwards?",template
Frontend Developer,Webpack,Hard,technical,A race condition is occurring in your Webpack setup under load. Describe your complete debugging and resolution strategy.,template
DevOps Engineer,AWS,Medium,behavioural,Tell me about a time you had to convince your team to adopt AWS. How did you make the case?,template
Data Analyst,Power BI,Easy,system_design,Design a simple todo app using Power BI as the core technology.,template
Data Analyst,Excel,Medium,system_design,Design the database schema for a URL shortener that uses Excel as its data layer.,template
DevOps Engineer,Linux,Hard,technical,A race condition is occurring in your Linux setup under load. Describe your complete debugging and resolution strategy.,template
Frontend Developer,React,Hard,behavioural,"Tell me about a time React caused a production incident that affected users. How did you lead the resolution, and what did you change afterwards?",template
Frontend Developer,Webpack,Medium,technical,How does Webpack handle authentication at scale in a production environment?,template
Backend Developer,Node.js,Hard,technical,You are the lead engineer on a e-commerce platform serving 5 million users. How would you architect Node.js into the stack?,template
Frontend Developer,Webpack,Hard,behavioural,Describe a situation where you had to make a critical architectural decision involving Webpack under tight time pressure.,template
Backend Developer,Python,Medium,behavioural,Describe a challenging bug you solved using Python. What was your thought process?,template
DevOps Engineer,Jenkins,Easy,technical,A basic Jenkins function is returning None unexpectedly. How do you debug it?,template
Frontend Developer,JavaScript,Easy,technical,What are the main features of JavaScript?,template
Backend Developer,Redis,Hard,technical,Your real-time chat app is experiencing high latency spikes at 10x normal traffic. How do you use Redis to diagnose and resolve it?,template
Frontend Developer,Webpack,Easy,technical,What are the main features of Webpack?,template
Data Analyst,Excel,Medium,technical,You are building a real-time chat app and need to integrate Excel. Walk me through your approach.,template
ML Engineer,Feature Engineering,Hard,system_design,Design a highly scalable e-commerce platform using Feature Engineering that handles 1 million events per second.,template
Backend Developer,Redis,Medium,technical,Explain how Redis works under the hood.,template
Data Analyst,NumPy,Hard,behavioural,"Tell me about a time NumPy caused a production incident that affected users. How did you lead the resolution, and what did you change afterwards?",template
Frontend Developer,Webpack,Medium,technical,What are common pitfalls when using Webpack and how do you avoid them?,template
Full Stack Developer,Node.js,Hard,technical,You are the lead engineer on a URL shortener serving 5 million users. How would you architect Node.js into the stack?,template
Full Stack Developer,GraphQL,Hard,technical,Your GraphQL deployment is experiencing cascading failures across microservices. How do you isolate the root cause?,template
DevOps Engineer,CI/CD,Medium,technical,How would you use CI/CD to handle caching invalidation in a real-world application?,template
Frontend Developer,TypeScript,Medium,technical,Explain how TypeScript works under the hood.,template
DevOps Engineer,Terraform,Easy,technical,Your Terraform application is throwing an unhandled error on startup. What are your first steps?,template
Backend Developer,REST API,Medium,system_design,Design a job scheduling system that uses REST API for audit logging. What components would you include?,template
DevOps Engineer,CI/CD,Medium,system_design,Design the database schema for a URL shortener that uses CI/CD as its data layer.,template
ML Engineer,PyTorch,Easy,technical,A basic PyTorch function is returning None unexpectedly. How do you debug it?,template
Backend Developer,REST API,Hard,behavioural,Describe a situation where you had to make a critical architectural decision involving REST API under tight time pressure.,template
Data Analyst,NumPy,Easy,technical,Define NumPy and its primary use case.,template
DevOps Engineer,Docker,Easy,technical,What is Docker and why is it important for a DevOps Engineer?,template
Backend Developer,Node.js,Medium,technical,You are building a job scheduling system and need to integrate Node.js. Walk me through your approach.,template
Frontend Developer,Vue.js,Medium,behavioural,Tell me about a time you had to convince your team to adopt Vue.js. How did you make the case?,template
Full Stack Developer,GraphQL,Medium,behavioural,Tell me about a time you had to convince your team to adopt GraphQL. How did you make the case?,template
DevOps Engineer,Docker,Easy,technical,How would you use Docker to build a simple analytics dashboard?,template
Data Analyst,Power BI,Easy,technical,You are starting a new Data Analyst project. Why would you choose Power BI?,template
Frontend Developer,HTML5,Medium,behavioural,Tell me about a time you had to convince your team to adopt HTML5. How did you make the case?,template
Frontend Developer,JavaScript,Medium,behavioural,Describe a challenging bug you solved using JavaScript. What was your thought process?,template
ML Engineer,Feature Engineering,Hard,technical,"A deadlock is occurring in your Feature Engineering database layer during peak traffic. How do you detect, resolve, and prevent this?",template
Frontend Developer,CSS,Hard,technical,Your job scheduling system is experiencing high latency spikes at 10x normal traffic. How do you use CSS to diagnose and resolve it?,template
Frontend Developer,Redux,Easy,system_design,How would you structure a basic project using Redux?,template
DevOps Engineer,Kubernetes,Hard,technical,"A deadlock is occurring in your Kubernetes database layer during peak traffic. How do you detect, resolve, and prevent this?",template
Backend Developer,Kafka,Easy,technical,"If a junior developer asked you to explain Kafka, what real-world analogy would you use?",template
Backend Developer,Python,Easy,system_design,How would you structure a basic project using Python?,template
Full Stack Developer,GraphQL,Hard,system_design,Design a multi-region deployment of GraphQL for a global application with sub-100ms latency requirements.,template
Backend Developer,FastAPI,Hard,technical,"A deadlock is occurring in your FastAPI database layer during peak traffic. How do you detect, resolve, and prevent this?",template
Data Analyst,Python,Medium,technical,How does Python handle high concurrency in a production environment?,template
DevOps Engineer,Kubernetes,Easy,system_design,Design a simple todo app using Kubernetes as the core technology.,template
Backend Developer,Kafka,Easy,technical,How would you use Kafka to build a simple e-commerce platform?,template
Backend Developer,FastAPI,Medium,technical,You are building a analytics dashboard and need to integrate FastAPI. Walk me through your approach.,template
DevOps Engineer,Jenkins,Medium,technical,A memory leak is suspected in your Jenkins application. How do you confirm and eliminate it?,template
Backend Developer,Docker,Hard,system_design,Architect a fault-tolerant URL shortener using Docker. How do you handle failures without data loss?,template
DevOps Engineer,Linux,Easy,behavioural,Describe your experience learning Linux for the first time.,template
DevOps Engineer,AWS,Medium,behavioural,Describe a challenging bug you solved using AWS. What was your thought process?,template
DevOps Engineer,Jenkins,Easy,technical,Your Jenkins application is throwing an unhandled error on startup. What are your first steps?,template
Data Analyst,Pandas,Hard,system_design,Design a highly scalable URL shortener using Pandas that handles 1 million events per second.,template
Backend Developer,REST API,Hard,technical,Your REST API deployment is experiencing cascading failures across microservices. How do you isolate the root cause?,template
Full Stack Developer,Node.js,Medium,system_design,Design the database schema for a real-time chat app that uses Node.js as its data layer.,template
Backend Developer,Django,Medium,behavioural,Describe a challenging bug you solved using Django. What was your thought process?,template
Frontend Developer,Vue.js,Easy,technical,You are starting a new Frontend Developer project. Why would you choose Vue.js?,template
Data Analyst,Tableau,Hard,technical,What are the internal memory management strategies used by Tableau?,template
Full Stack Developer,Docker,Medium,technical,You are building a job scheduling system and need to integrate Docker. Walk me through your approach.,template
Data Analyst,SQL,Hard,technical,A critical deadline is approaching and SQL is causing unexpected cascading timeouts. How do you manage the situation?,template
ML Engineer,Feature Engineering,Medium,behavioural,Describe a challenging bug you solved using Feature Engineering. What was your thought process?,template
Backend Developer,PostgreSQL,Medium,system_design,"How would you design a RESTful API using PostgreSQL that supports 10,000 concurrent users?",template
Data Analyst,SQL,Medium,system_design,Design a notification service that uses SQL for message queuing. What components would you include?,template
Frontend Developer,JavaScript,Hard,system_design,Design a multi-region deployment of JavaScript for a global application with sub-100ms latency requirements.,template
Backend Developer,RabbitMQ,Medium,system_design,"How would you design a RESTful API using RabbitMQ that supports 10,000 concurrent users?",template
Data Analyst,Pandas,Medium,behavioural,Describe a challenging bug you solved using Pandas. What was your thought process?,template
Frontend Developer,CSS,Medium,behavioural,Tell me about a time you had to convince your team to adopt CSS. How did you make the case?,template
Data Analyst,Statistics,Medium,technical,How would you use Statistics to handle high concurrency in a real-world application?,template
Backend Developer,Kafka,Hard,technical,What are the internal memory management strategies used by Kafka?,template
Data Analyst,Tableau,Medium,technical,A Tableau application in production is consuming 90% CPU. How do you investigate and resolve this?,template
DevOps Engineer,Terraform,Medium,technical,You are building a analytics dashboard and need to integrate Terraform. Walk me through your approach.,template
DevOps Engineer,Linux,Easy,system_design,How would you structure a basic project using Linux?,template
DevOps Engineer,Ansible,Medium,behavioural,Describe a challenging bug you solved using Ansible. What was your thought process?,template
Backend Developer,Python,Medium,technical,A memory leak is suspected in your Python application. How do you confirm and eliminate it?,template
ML Engineer,Model Deployment,Easy,system_design,How would you structure a basic project using Model Deployment?,template
Full Stack Developer,Node.js,Easy,technical,What are the main features of Node.js?,template
DevOps Engineer,Linux,Easy,system_design,Design a simple todo app using Linux as the core technology.,template
Backend Developer,Django,Easy,technical,You are starting a new Backend Developer project. Why would you choose Django?,template
DevOps Engineer,Jenkins,Hard,behavioural,Describe a situation where you had to make a critical architectural decision involving Jenkins under tight time pressure.,template
Frontend Developer,Redux,Hard,technical,"Compare Redux with its closest alternative in terms of performance, scalability, and developer experience.",template
Data Analyst,Statistics,Medium,technical,What are common pitfalls when using Statistics and how do you avoid them?,template
Backend Developer,Docker,Hard,technical,What are the internal memory management strategies used by Docker?,template
Frontend Developer,HTML5,Hard,behavioural,Describe a situation where you had to make a critical architectural decision involving HTML5 under tight time pressure.,template
ML Engineer,BERT,Hard,technical,"Compare BERT with its closest alternative in terms of performance, scalability, and developer experience.",template
Frontend Developer,Next.js,Hard,technical,"Compare Next.js with its closest alternative in terms of performance, scalability, and developer experience.",template
DevOps Engineer,Jenkins,Easy,behavioural,Describe your experience learning Jenkins for the first time.,template
Data Analyst,Excel,Easy,technical,What problem does Excel solve in software development?,template
Backend Developer,MongoDB,Medium,behavioural,Describe a challenging bug you solved using MongoDB. What was your thought process?,template
Backend Developer,Redis,Easy,technical,A basic Redis function is returning None unexpectedly. How do you debug it?,template
Frontend Developer,HTML5,Medium,behavioural,Describe a challenging bug you solved using HTML5. What was your thought process?,template
DevOps Engineer,Kubernetes,Medium,technical,Your team is migrating an existing system to use Kubernetes. What is your migration plan?,template
Backend Developer,Docker,Medium,technical,A Docker application in production is consuming 90% CPU. How do you investigate and resolve this?,template
ML Engineer,MLflow,Medium,technical,Your team is migrating an existing system to use MLflow. What is your migration plan?,template
Frontend Developer,React,Medium,technical,Explain how React works under the hood.,template
Frontend Developer,Next.js,Hard,technical,"A deadlock is occurring in your Next.js database layer during peak traffic. How do you detect, resolve, and prevent this?",template
Backend Developer,PostgreSQL,Hard,technical,"Compare PostgreSQL with its closest alternative in terms of performance, scalability, and developer experience.",template
Backend Developer,Python,Medium,technical,How would you use Python to handle authentication at scale in a real-world application?,template
Backend Developer,Python,Hard,behavioural,Describe a situation where you had to make a critical architectural decision involving Python under tight time pressure.,template
ML Engineer,Feature Engineering,Hard,technical,Your Feature Engineering deployment is experiencing cascading failures across microservices. How do you isolate the root cause?,template
Backend Developer,Python,Hard,technical,"Compare Python with its closest alternative in terms of performance, scalability, and developer experience.",template
ML Engineer,TensorFlow,Easy,technical,A basic TensorFlow function is returning None unexpectedly. How do you debug it?,template
Data Analyst,Statistics,Medium,behavioural,Tell me about a time you had to convince your team to adopt Statistics. How did you make the case?,template
Backend Developer,PostgreSQL,Hard,technical,You are the lead engineer on a real-time chat app serving 5 million users. How would you architect PostgreSQL into the stack?,template
Backend Developer,MongoDB,Easy,system_design,How would you structure a basic project using MongoDB?,template
Backend Developer,REST API,Medium,technical,What are the trade-offs of using REST API over alternatives?,template
Full Stack Developer,Docker,Hard,system_design,Architect a fault-tolerant real-time chat app using Docker. How do you handle failures without data loss?,template
ML Engineer,PyTorch,Medium,technical,What are the trade-offs of using PyTorch over alternatives?,template
Backend Developer,MongoDB,Medium,technical,You are building a analytics dashboard and need to integrate MongoDB. Walk me through your approach.,template
Frontend Developer,Next.js,Medium,system_design,"How would you design a RESTful API using Next.js that supports 10,000 concurrent users?",template
DevOps Engineer,CI/CD,Medium,system_design,Design a URL shortener that uses CI/CD for full-text search. What components would you include?,template
ML Engineer,TensorFlow,Easy,technical,What are the main features of TensorFlow?,template
ML Engineer,TensorFlow,Medium,technical,A TensorFlow application in production is consuming 90% CPU. How do you investigate and resolve this?,template
Backend Developer,Kafka,Medium,technical,Your team is migrating an existing system to use Kafka. What is your migration plan?,template
DevOps Engineer,Kubernetes,Easy,behavioural,Tell me about a project where you used Kubernetes.,template
Backend Developer,Kafka,Medium,behavioural,Describe a challenging bug you solved using Kafka. What was your thought process?,template
Frontend Developer,Redux,Easy,behavioural,Describe your experience learning Redux for the first time.,template
ML Engineer,scikit-learn,Easy,system_design,Design a simple todo app using scikit-learn as the core technology.,template
Full Stack Developer,GraphQL,Easy,technical,How would you use GraphQL to build a simple job scheduling system?,template
Data Analyst,Excel,Easy,technical,"If a junior developer asked you to explain Excel, what real-world analogy would you use?",template
ML Engineer,TensorFlow,Hard,technical,Your TensorFlow deployment is experiencing cascading failures across microservices. How do you isolate the root cause?,template
DevOps Engineer,AWS,Medium,technical,Explain how AWS works under the hood.,template
Backend Developer,MongoDB,Medium,technical,Your team is migrating an existing system to use MongoDB. What is your migration plan?,template
Data Analyst,Statistics,Medium,technical,A Statistics application in production is consuming 90% CPU. How do you investigate and resolve this?,template
Backend Developer,Django,Hard,system_design,Design a highly scalable analytics dashboard using Django that handles 1 million events per second.,template
Data Analyst,Statistics,Medium,technical,A memory leak is suspected in your Statistics application. How do you confirm and eliminate it?,template
DevOps Engineer,Jenkins,Hard,technical,"A deadlock is occurring in your Jenkins database layer during peak traffic. How do you detect, resolve, and prevent this?",template
Data Analyst,NumPy,Easy,technical,You are starting a new Data Analyst project. Why would you choose NumPy?,template
Frontend Developer,CSS,Easy,technical,Your CSS application is throwing an unhandled error on startup. What are your first steps?,template
Backend Developer,PostgreSQL,Hard,system_design,Architect a fault-tolerant e-commerce platform using PostgreSQL. How do you handle failures without data loss?,template
Backend Developer,Docker,Hard,technical,"How does Docker ensure fault tolerance at scale, and what are its architectural limitations?",template
Backend Developer,Django,Hard,system_design,Architect a fault-tolerant e-commerce platform using Django. How do you handle failures without data loss?,template
Data Analyst,Excel,Medium,technical,A Excel application in production is consuming 90% CPU. How do you investigate and resolve this?,template
Frontend Developer,Redux,Easy,technical,Your Redux application is throwing an unhandled error on startup. What are your first steps?,template
ML Engineer,Feature Engineering,Medium,technical,How would you use Feature Engineering to handle caching invalidation in a real-world application?,template
Full Stack Developer,Node.js,Easy,technical,How would you use Node.js to build a simple URL shortener?,template
Data Analyst,Python,Easy,technical,You are starting a new Data Analyst project. Why would you choose Python?,template
Backend Developer,Redis,Medium,technical,How does Redis handle high concurrency in a production environment?,template
Backend Developer,Django,Medium,technical,A memory leak is suspected in your Django application. How do you confirm and eliminate it?,template
Data Analyst,Excel,Hard,system_design,Design a multi-region deployment of Excel for a global application with sub-100ms latency requirements.,template
Backend Developer,FastAPI,Hard,technical,A critical deadline is approaching and FastAPI is causing unexpected high latency spikes. How do you manage the situation?,template
DevOps Engineer,AWS,Easy,system_design,How would you structure a basic project using AWS?,template
Backend Developer,PostgreSQL,Easy,system_design,Design a simple todo app using PostgreSQL as the core technology.,template
Backend Developer,RabbitMQ,Hard,system_design,Architect a fault-tolerant notification service using RabbitMQ. How do you handle failures without data loss?,template
Backend Developer,Node.js,Easy,behavioural,Tell me about a project where you used Node.js.,template
DevOps Engineer,Kubernetes,Hard,system_design,Architect a fault-tolerant real-time chat app using Kubernetes. How do you handle failures without data loss?,template
ML Engineer,PyTorch,Easy,technical,What are the main features of PyTorch?,template
DevOps Engineer,Ansible,Medium,technical,Your team is migrating an existing system to use Ansible. What is your migration plan?,template
Data Analyst,SQL,Easy,technical,What are the main features of SQL?,template
Data Analyst,Excel,Medium,behavioural,Tell me about a time you had to convince your team to adopt Excel. How did you make the case?,template
Full Stack Developer,GraphQL,Easy,behavioural,Describe your experience learning GraphQL for the first time.,template
Backend Developer,Docker,Hard,technical,A critical deadline is approaching and Docker is causing unexpected data corruption. How do you manage the situation?,template
Frontend Developer,Next.js,Easy,system_design,Design a simple todo app using Next.js as the core technology.,template
Frontend Developer,Redux,Hard,behavioural,"Tell me about a time Redux caused a production incident that affected users. How did you lead the resolution, and what did you change afterwards?",template
Backend Developer,Python,Medium,technical,A Python application in production is consuming 90% CPU. How do you investigate and resolve this?,template
ML Engineer,Model Deployment,Easy,behavioural,Tell me about a project where you used Model Deployment.,template
DevOps Engineer,Ansible,Medium,technical,A Ansible application in production is consuming 90% CPU. How do you investigate and resolve this?,template
Backend Developer,Python,Hard,system_design,Architect a fault-tolerant e-commerce platform using Python. How do you handle failures without data loss?,template
Data Analyst,Power BI,Easy,technical,A basic Power BI function is returning None unexpectedly. How do you debug it?,template
Data Analyst,SQL,Easy,system_design,How would you structure a basic project using SQL?,template
Backend Developer,Redis,Hard,technical,"Compare Redis with its closest alternative in terms of performance, scalability, and developer experience.",template
Data Analyst,Tableau,Easy,system_design,Design a simple todo app using Tableau as the core technology.,template
DevOps Engineer,CI/CD,Medium,behavioural,Tell me about a time you had to convince your team to adopt CI/CD. How did you make the case?,template
Frontend Developer,TypeScript,Hard,behavioural,Describe a situation where you had to make a critical architectural decision involving TypeScript under tight time pressure.,template
ML Engineer,Model Deployment,Easy,technical,A basic Model Deployment function is returning None unexpectedly. How do you debug it?,template
Data Analyst,Excel,Hard,technical,What are the internal memory management strategies used by Excel?,template
Backend Developer,Kafka,Medium,technical,How would you use Kafka to handle real-time data consistency in a real-world application?,template
ML Engineer,BERT,Medium,technical,Users are reporting intermittent failures in a BERT service. How do you reproduce and fix the issue?,template
Data Analyst,NumPy,Easy,system_design,Design a simple todo app using NumPy as the core technology.,template
Backend Developer,RabbitMQ,Medium,system_design,Design the database schema for a e-commerce platform that uses RabbitMQ as its data layer.,template
ML Engineer,TensorFlow,Hard,technical,"Compare TensorFlow with its closest alternative in terms of performance, scalability, and developer experience.",template
ML Engineer,TensorFlow,Easy,behavioural,Tell me about a project where you used TensorFlow.,template
Backend Developer,Python,Hard,technical,"How does Python ensure high availability at scale, and what are its architectural limitations?",template
Backend Developer,Python,Medium,system_design,"How would you design a RESTful API using Python that supports 10,000 concurrent users?",template
Full Stack Developer,TypeScript,Medium,system_design,Design the database schema for a job scheduling system that uses TypeScript as its data layer.,template
ML Engineer,Feature Engineering,Medium,technical,Users are reporting intermittent failures in a Feature Engineering service. How do you reproduce and fix the issue?,template
Backend Developer,FastAPI,Easy,system_design,Design a simple todo app using FastAPI as the core technology.,template
Data Analyst,Pandas,Easy,technical,How would you use Pandas to build a simple analytics dashboard?,template
Frontend Developer,Vue.js,Hard,technical,A race condition is occurring in your Vue.js setup under load. Describe your complete debugging and resolution strategy.,template
Backend Developer,Node.js,Hard,technical,Your Node.js deployment is experiencing cascading failures across microservices. How do you isolate the root cause?,template
Backend Developer,Docker,Medium,behavioural,Tell me about a time you had to convince your team to adopt Docker. How did you make the case?,template
DevOps Engineer,Docker,Hard,system_design,Design a highly scalable e-commerce platform using Docker that handles 1 million events per second.,template
Frontend Developer,JavaScript,Hard,behavioural,Describe a situation where you had to make a critical architectural decision involving JavaScript under tight time pressure.,template
Data Analyst,Pandas,Hard,technical,"How does Pandas ensure eventual consistency at scale, and what are its architectural limitations?",template
ML Engineer,Feature Engineering,Medium,technical,What are common pitfalls when using Feature Engineering and how do you avoid them?,template
Backend Developer,MongoDB,Hard,technical,Your MongoDB deployment is experiencing cascading failures across microservices. How do you isolate the root cause?,template
Data Analyst,Statistics,Hard,technical,"A deadlock is occurring in your Statistics database layer during peak traffic. How do you detect, resolve, and prevent this?",template
Data Analyst,Excel,Easy,behavioural,Tell me about a project where you used Excel.,template
Data Analyst,NumPy,Hard,technical,What are the internal memory management strategies used by NumPy?,template
Data Analyst,Statistics,Easy,behavioural,Describe your experience learning Statistics for the first time.,template
ML Engineer,PyTorch,Hard,technical,"Compare PyTorch with its closest alternative in terms of performance, scalability, and developer experience.",template
Backend Developer,Docker,Easy,technical,"If a junior developer asked you to explain Docker, what real-world analogy would you use?",template
Full Stack Developer,MongoDB,Hard,technical,A critical deadline is approaching and MongoDB is causing unexpected memory leak. How do you manage the situation?,template
ML Engineer,BERT,Easy,behavioural,Tell me about a project where you used BERT.,template
Data Analyst,Statistics,Hard,technical,"Compare Statistics with its closest alternative in terms of performance, scalability, and developer experience.",template
Data Analyst,SQL,Easy,technical,You are starting a new Data Analyst project. Why would you choose SQL?,template
Backend Developer,FastAPI,Medium,system_design,"How would you design a RESTful API using FastAPI that supports 10,000 concurrent users?",template
Backend Developer,REST API,Hard,technical,What are the internal memory management strategies used by REST API?,template
ML Engineer,scikit-learn,Medium,behavioural,Describe a challenging bug you solved using scikit-learn. What was your thought process?,template
Data Analyst,Statistics,Medium,system_design,"How would you design a RESTful API using Statistics that supports 10,000 concurrent users?",template
Backend Developer,PostgreSQL,Easy,behavioural,Tell me about a project where you used PostgreSQL.,template
ML Engineer,Model Deployment,Medium,system_design,Design a e-commerce platform that uses Model Deployment for caching. What components would you include?,template
Backend Developer,Django,Hard,technical,A race condition is occurring in your Django setup under load. Describe your complete debugging and resolution strategy.,template
Backend Developer,Node.js,Hard,behavioural,Describe a situation where you had to make a critical architectural decision involving Node.js under tight time pressure.,template
Frontend Developer,CSS,Medium,technical,How does CSS handle caching invalidation in a production environment?,template
Backend Developer,Node.js,Medium,behavioural,Describe a challenging bug you solved using Node.js. What was your thought process?,template
DevOps Engineer,Ansible,Easy,technical,Define Ansible and its primary use case.,template
Frontend Developer,TypeScript,Hard,technical,A critical deadline is approaching and TypeScript is causing unexpected memory leak. How do you manage the situation?,template
Frontend Developer,Next.js,Easy,behavioural,Describe your experience learning Next.js for the first time.,template
Data Analyst,NumPy,Medium,system_design,Design the database schema for a real-time chat app that uses NumPy as its data layer.,template
Frontend Developer,React,Medium,technical,How would you use React to handle high concurrency in a real-world application?,template
Backend Developer,Kafka,Medium,technical,What are the trade-offs of using Kafka over alternatives?,template
Frontend Developer,Redux,Hard,technical,"How does Redux ensure horizontal scalability at scale, and what are its architectural limitations?",template
Data Analyst,SQL,Medium,technical,A SQL application in production is consuming 90% CPU. How do you investigate and resolve this?,template
ML Engineer,BERT,Easy,system_design,How would you structure a basic project using BERT?,template
Frontend Developer,Vue.js,Hard,technical,What are the internal memory management strategies used by Vue.js?,template
ML Engineer,MLflow,Medium,system_design,Design a job scheduling system that uses MLflow for session management. What components would you include?,template
Full Stack Developer,TypeScript,Medium,technical,Your team is migrating an existing system to use TypeScript. What is your migration plan?,template
Data Analyst,Excel,Medium,technical,A memory leak is suspected in your Excel application. How do you confirm and eliminate it?,template
ML Engineer,MLflow,Hard,behavioural,Describe a situation where you had to make a critical architectural decision involving MLflow under tight time pressure.,template
DevOps Engineer,Terraform,Medium,technical,What are the trade-offs of using Terraform over alternatives?,template
Backend Developer,Docker,Easy,technical,How would you use Docker to build a simple notification service?,template
Backend Developer,Docker,Hard,system_design,Design a multi-region deployment of Docker for a global application with sub-100ms latency requirements.,template
Frontend Developer,Next.js,Medium,behavioural,Tell me about a time you had to convince your team to adopt Next.js. How did you make the case?,template
Backend Developer,Redis,Hard,technical,"How does Redis ensure high availability at scale, and what are its architectural limitations?",template
Backend Developer,Python,Hard,technical,You are the lead engineer on a notification service serving 5 million users. How would you architect Python into the stack?,template
DevOps Engineer,Jenkins,Hard,technical,You are the lead engineer on a URL shortener serving 5 million users. How would you architect Jenkins into the stack?,template
Backend Developer,Django,Easy,system_design,Design a simple todo app using Django as the core technology.,template
Frontend Developer,Next.js,Hard,technical,What are the internal memory management strategies used by Next.js?,template
Full Stack Developer,TypeScript,Hard,technical,You are the lead engineer on a notification service serving 5 million users. How would you architect TypeScript into the stack?,template
DevOps Engineer,Terraform,Hard,technical,A critical deadline is approaching and Terraform is causing unexpected memory leak. How do you manage the situation?,template
Backend Developer,RabbitMQ,Easy,technical,What are the main features of RabbitMQ?,template
Frontend Developer,Next.js,Medium,behavioural,Describe a challenging bug you solved using Next.js. What was your thought process?,template
ML Engineer,PyTorch,Easy,behavioural,Describe your experience learning PyTorch for the first time.,template
DevOps Engineer,Terraform,Hard,technical,A race condition is occurring in your Terraform setup under load. Describe your complete debugging and resolution strategy.,template
Frontend Developer,Webpack,Medium,system_design,Design the database schema for a analytics dashboard that uses Webpack as its data layer.,template
Backend Developer,Django,Medium,behavioural,Tell me about a time you had to convince your team to adopt Django. How did you make the case?,template
Backend Developer,Python,Easy,system_design,Design a simple todo app using Python as the core technology.,template
Backend Developer,Node.js,Hard,technical,A critical deadline is approaching and Node.js is causing unexpected connection pool exhaustion. How do you manage the situation?,template
Backend Developer,RabbitMQ,Medium,technical,You are building a analytics dashboard and need to integrate RabbitMQ. Walk me through your approach.,template
Backend Developer,PostgreSQL,Medium,behavioural,Describe a challenging bug you solved using PostgreSQL. What was your thought process?,template
Backend Developer,Node.js,Hard,system_design,Architect a fault-tolerant analytics dashboard using Node.js. How do you handle failures without data loss?,template
Full Stack Developer,React,Hard,system_design,Design a highly scalable e-commerce platform using React that handles 1 million events per second.,template
Backend Developer,Python,Hard,behavioural,"Tell me about a time Python caused a production incident that affected users. How did you lead the resolution, and what did you change afterwards?",template
ML Engineer,BERT,Hard,technical,A critical deadline is approaching and BERT is causing unexpected high latency spikes. How do you manage the situation?,template
Data Analyst,Python,Medium,system_design,Design a e-commerce platform that uses Python for message queuing. What components would you include?,template
Data Analyst,Excel,Medium,system_design,"How would you design a RESTful API using Excel that supports 10,000 concurrent users?",template
ML Engineer,BERT,Hard,technical,"How does BERT ensure fault tolerance at scale, and what are its architectural limitations?",template
DevOps Engineer,Kubernetes,Easy,technical,A basic Kubernetes function is returning None unexpectedly. How do you debug it?,template
Full Stack Developer,GraphQL,Medium,technical,You are building a real-time chat app and need to integrate GraphQL. Walk me through your approach.,template
Data Analyst,NumPy,Medium,technical,How does NumPy handle caching invalidation in a production environment?,template
Data Analyst,Excel,Hard,technical,Your real-time chat app is experiencing connection pool exhaustion at 10x normal traffic. How do you use Excel to diagnose and resolve it?,template
DevOps Engineer,Terraform,Medium,behavioural,Describe a challenging bug you solved using Terraform. What was your thought process?,template
Full Stack Developer,Node.js,Medium,system_design,Design a analytics dashboard that uses Node.js for audit logging. What components would you include?,template
DevOps Engineer,Kubernetes,Hard,technical,A race condition is occurring in your Kubernetes setup under load. Describe your complete debugging and resolution strategy.,template
Full Stack Developer,GraphQL,Medium,technical,Your team is migrating an existing system to use GraphQL. What is your migration plan?,template
DevOps Engineer,Linux,Easy,technical,What are the main features of Linux?,template
Data Analyst,SQL,Hard,technical,What are the internal memory management strategies used by SQL?,template
Full Stack Developer,Node.js,Easy,technical,You are starting a new Full Stack Developer project. Why would you choose Node.js?,template
Data Analyst,Statistics,Medium,system_design,Design the database schema for a job scheduling system that uses Statistics as its data layer.,template
Full Stack Developer,MongoDB,Easy,technical,You are starting a new Full Stack Developer project. Why would you choose MongoDB?,template
ML Engineer,MLflow,Hard,technical,"A deadlock is occurring in your MLflow database layer during peak traffic. How do you detect, resolve, and prevent this?",template
Backend Developer,REST API,Medium,technical,A REST API application in production is consuming 90% CPU. How do you investigate and resolve this?,template
Backend Developer,Node.js,Hard,technical,"Compare Node.js with its closest alternative in terms of performance, scalability, and developer experience.",template
Frontend Developer,React,Easy,system_design,How would you structure a basic project using React?,template
Data Analyst,Tableau,Easy,technical,How would you use Tableau to build a simple job scheduling system?,template
Data Analyst,Python,Easy,technical,How would you use Python to build a simple notification service?,template
ML Engineer,scikit-learn,Easy,technical,A basic scikit-learn function is returning None unexpectedly. How do you debug it?,template
DevOps Engineer,Ansible,Medium,system_design,"How would you design a RESTful API using Ansible that supports 10,000 concurrent users?",template
Frontend Developer,JavaScript,Easy,behavioural,Tell me about a project where you used JavaScript.,template
Frontend Developer,JavaScript,Easy,technical,What problem does JavaScript solve in software development?,template
Frontend Developer,Vue.js,Easy,technical,How would you use Vue.js to build a simple e-commerce platform?,template
Data Analyst,Pandas,Easy,technical,What are the main features of Pandas?,template
DevOps Engineer,CI/CD,Easy,behavioural,Describe your experience learning CI/CD for the first time.,template
Frontend Developer,Next.js,Medium,technical,Users are reporting intermittent failures in a Next.js service. How do you reproduce and fix the issue?,template
Backend Developer,Node.js,Medium,technical,How does Node.js handle high concurrency in a production environment?,template
DevOps Engineer,Ansible,Hard,technical,"Compare Ansible with its closest alternative in terms of performance, scalability, and developer experience.",template
Data Analyst,Power BI,Medium,technical,Explain how Power BI works under the hood.,template
Data Analyst,NumPy,Easy,technical,Explain the basic concept of NumPy in simple terms.,template
ML Engineer,PyTorch,Medium,behavioural,Tell me about a time you had to convince your team to adopt PyTorch. How did you make the case?,template
Full Stack Developer,Docker,Hard,technical,A race condition is occurring in your Docker setup under load. Describe your complete debugging and resolution strategy.,template
ML Engineer,MLflow,Hard,technical,"How does MLflow ensure fault tolerance at scale, and what are its architectural limitations?",template
Backend Developer,Kafka,Hard,technical,A race condition is occurring in your Kafka setup under load. Describe your complete debugging and resolution strategy.,template
Frontend Developer,React,Easy,technical,You are starting a new Frontend Developer project. Why would you choose React?,template
Frontend Developer,CSS,Hard,technical,"Compare CSS with its closest alternative in terms of performance, scalability, and developer experience.",template
Data Analyst,Statistics,Hard,technical,Your real-time chat app is experiencing cascading timeouts at 10x normal traffic. How do you use Statistics to diagnose and resolve it?,template
ML Engineer,BERT,Hard,behavioural,"Tell me about a time BERT caused a production incident that affected users. How did you lead the resolution, and what did you change afterwards?",template
DevOps Engineer,Jenkins,Medium,system_design,"How would you design a RESTful API using Jenkins that supports 10,000 concurrent users?",template
DevOps Engineer,Jenkins,Hard,system_design,Architect a fault-tolerant real-time chat app using Jenkins. How do you handle failures without data loss?,template
Data Analyst,Power BI,Hard,technical,Your job scheduling system is experiencing connection pool exhaustion at 10x normal traffic. How do you use Power BI to diagnose and resolve it?,template
ML Engineer,Model Deployment,Easy,technical,You are starting a new ML Engineer project. Why would you choose Model Deployment?,template
Backend Developer,Redis,Medium,technical,A Redis application in production is consuming 90% CPU. How do you investigate and resolve this?,template
Full Stack Developer,MongoDB,Medium,technical,How does MongoDB handle authentication at scale in a production environment?,template
Backend Developer,REST API,Easy,technical,How would you use REST API to build a simple e-commerce platform?,template
DevOps Engineer,Linux,Hard,technical,"A deadlock is occurring in your Linux database layer during peak traffic. How do you detect, resolve, and prevent this?",template
Backend Developer,Node.js,Medium,system_design,Design a notification service that uses Node.js for full-text search. What components would you include?,template
Backend Developer,MongoDB,Hard,technical,A critical deadline is approaching and MongoDB is causing unexpected data corruption. How do you manage the situation?,template
Backend Developer,Node.js,Medium,behavioural,Tell me about a time you had to convince your team to adopt Node.js. How did you make the case?,template
Full Stack Developer,TypeScript,Hard,technical,Your URL shortener is experiencing cascading timeouts at 10x normal traffic. How do you use TypeScript to diagnose and resolve it?,template
Backend Developer,MongoDB,Easy,system_design,Design a simple todo app using MongoDB as the core technology.,template
Data Analyst,SQL,Hard,system_design,Architect a fault-tolerant real-time chat app using SQL. How do you handle failures without data loss?,template
ML Engineer,PyTorch,Hard,technical,"How does PyTorch ensure fault tolerance at scale, and what are its architectural limitations?",template
DevOps Engineer,Jenkins,Hard,technical,A race condition is occurring in your Jenkins setup under load. Describe your complete debugging and resolution strategy.,template
Backend Developer,Django,Medium,technical,How would you use Django to handle caching invalidation in a real-world application?,template
Frontend Developer,Webpack,Medium,technical,A memory leak is suspected in your Webpack application. How do you confirm and eliminate it?,template
Backend Developer,RabbitMQ,Hard,technical,"A deadlock is occurring in your RabbitMQ database layer during peak traffic. How do you detect, resolve, and prevent this?",template
Full Stack Developer,GraphQL,Hard,technical,"A deadlock is occurring in your GraphQL database layer during peak traffic. How do you detect, resolve, and prevent this?",template
Data Analyst,Tableau,Easy,technical,Your Tableau application is throwing an unhandled error on startup. What are your first steps?,template
Backend Developer,RabbitMQ,Easy,behavioural,Describe your experience learning RabbitMQ for the first time.,template
Frontend Developer,TypeScript,Easy,technical,Your TypeScript application is throwing an unhandled error on startup. What are your first steps?,template
Data Analyst,Statistics,Easy,technical,How would you use Statistics to build a simple notification service?,template
DevOps Engineer,AWS,Easy,technical,What are the main features of AWS?,template
Frontend Developer,Webpack,Easy,technical,Define Webpack and its primary use case.,template
Data Analyst,Power BI,Medium,technical,Users are reporting intermittent failures in a Power BI service. How do you reproduce and fix the issue?,template
Data Analyst,NumPy,Hard,system_design,Architect a fault-tolerant e-commerce platform using NumPy. How do you handle failures without data loss?,template
Backend Developer,RabbitMQ,Hard,behavioural,"Tell me about a time RabbitMQ caused a production incident that affected users. How did you lead the resolution, and what did you change afterwards?",template
Data Analyst,SQL,Medium,behavioural,Describe a challenging bug you solved using SQL. What was your thought process?,template
DevOps Engineer,CI/CD,Easy,technical,How would you use CI/CD to build a simple e-commerce platform?,template
ML Engineer,scikit-learn,Medium,technical,What are the trade-offs of using scikit-learn over alternatives?,template
ML Engineer,scikit-learn,Easy,behavioural,Tell me about a project where you used scikit-learn.,template
ML Engineer,MLflow,Easy,technical,Your MLflow application is throwing an unhandled error on startup. What are your first steps?,template
Backend Developer,Kafka,Medium,system_design,Design the database schema for a e-commerce platform that uses Kafka as its data layer.,template
ML Engineer,scikit-learn,Medium,technical,How does scikit-learn handle rate limiting in a production environment?,template
Data Analyst,Statistics,Easy,technical,What problem does Statistics solve in software development?,template
ML Engineer,BERT,Hard,behavioural,Describe a situation where you had to make a critical architectural decision involving BERT under tight time pressure.,template
DevOps Engineer,Terraform,Hard,technical,"Compare Terraform with its closest alternative in terms of performance, scalability, and developer experience.",template
Backend Developer,Python,Easy,technical,You are starting a new Backend Developer project. Why would you choose Python?,template
Full Stack Developer,React,Medium,system_design,Design a job scheduling system that uses React for session management. What components would you include?,template
Backend Developer,Redis,Easy,technical,"If a junior developer asked you to explain Redis, what real-world analogy would you use?",template
Frontend Developer,React,Easy,technical,How would you use React to build a simple real-time chat app?,template
Frontend Developer,React,Easy,technical,Your React application is throwing an unhandled error on startup. What are your first steps?,template
Backend Developer,Node.js,Medium,technical,What are the trade-offs of using Node.js over alternatives?,template
ML Engineer,scikit-learn,Easy,technical,Explain the basic concept of scikit-learn in simple terms.,template
DevOps Engineer,Jenkins,Easy,system_design,How would you structure a basic project using Jenkins?,template
ML Engineer,MLflow,Medium,technical,Explain how MLflow works under the hood.,template
Frontend Developer,Webpack,Easy,system_design,How would you structure a basic project using Webpack?,template
DevOps Engineer,Terraform,Medium,technical,A Terraform application in production is consuming 90% CPU. How do you investigate and resolve this?,template
Frontend Developer,React,Hard,technical,"A deadlock is occurring in your React database layer during peak traffic. How do you detect, resolve, and prevent this?",template
ML Engineer,BERT,Easy,technical,What is BERT and why is it important for a ML Engineer?,template
Data Analyst,SQL,Easy,technical,What is SQL and why is it important for a Data Analyst?,template
Backend Developer,Kafka,Hard,technical,"A deadlock is occurring in your Kafka database layer during peak traffic. How do you detect, resolve, and prevent this?",template
ML Engineer,PyTorch,Hard,system_design,Architect a fault-tolerant real-time chat app using PyTorch. How do you handle failures without data loss?,template
Full Stack Developer,Next.js,Hard,technical,A critical deadline is approaching and Next.js is causing unexpected high latency spikes. How do you manage the situation?,template
Full Stack Developer,TypeScript,Hard,technical,"A deadlock is occurring in your TypeScript database layer during peak traffic. How do you detect, resolve, and prevent this?",template
Frontend Developer,Vue.js,Medium,technical,A memory leak is suspected in your Vue.js application. How do you confirm and eliminate it?,template
Frontend Developer,React,Hard,system_design,Architect a fault-tolerant notification service using React. How do you handle failures without data loss?,template
Backend Developer,Docker,Easy,technical,A basic Docker function is returning None unexpectedly. How do you debug it?,template
Frontend Developer,JavaScript,Medium,technical,Users are reporting intermittent failures in a JavaScript service. How do you reproduce and fix the issue?,template
Frontend Developer,CSS,Medium,technical,Users are reporting intermittent failures in a CSS service. How do you reproduce and fix the issue?,template
Backend Developer,Docker,Medium,behavioural,Describe a challenging bug you solved using Docker. What was your thought process?,template
Frontend Developer,JavaScript,Hard,system_design,Architect a fault-tolerant real-time chat app using JavaScript. How do you handle failures without data loss?,template
Full Stack Developer,GraphQL,Hard,system_design,Design a highly scalable analytics dashboard using GraphQL that handles 1 million events per second.,template
Frontend Developer,Webpack,Easy,technical,You are starting a new Frontend Developer project. Why would you choose Webpack?,template
Frontend Developer,Next.js,Easy,technical,What are the main features of Next.js?,template
DevOps Engineer,Jenkins,Easy,technical,Explain the basic concept of Jenkins in simple terms.,template
Full Stack Developer,Node.js,Medium,technical,How would you use Node.js to handle authentication at scale in a real-world application?,template
Frontend Developer,TypeScript,Medium,technical,You are building a job scheduling system and need to integrate TypeScript. Walk me through your approach.,template
Data Analyst,Python,Medium,technical,Users are reporting intermittent failures in a Python service. How do you reproduce and fix the issue?,template
DevOps Engineer,Linux,Medium,technical,Your team is migrating an existing system to use Linux. What is your migration plan?,template
Frontend Developer,JavaScript,Medium,system_design,Design a job scheduling system that uses JavaScript for full-text search. What components would you include?,template
DevOps Engineer,Linux,Medium,technical,What are common pitfalls when using Linux and how do you avoid them?,template
Backend Developer,Django,Medium,technical,You are building a real-time chat app and need to integrate Django. Walk me through your approach.,template
ML Engineer,BERT,Easy,technical,Explain the basic concept of BERT in simple terms.,template
Data Analyst,Python,Hard,system_design,Design a highly scalable notification service using Python that handles 1 million events per second.,template
Full Stack Developer,GraphQL,Medium,system_design,Design the database schema for a e-commerce platform that uses GraphQL as its data layer.,template
Backend Developer,Django,Hard,technical,Your e-commerce platform is experiencing memory leak at 10x normal traffic. How do you use Django to diagnose and resolve it?,template
Backend Developer,REST API,Medium,system_design,Design the database schema for a URL shortener that uses REST API as its data layer.,template
ML Engineer,PyTorch,Medium,behavioural,Describe a challenging bug you solved using PyTorch. What was your thought process?,template
ML Engineer,TensorFlow,Medium,technical,Explain how TensorFlow works under the hood.,template
Data Analyst,Pandas,Medium,technical,How does Pandas handle high concurrency in a production environment?,template
Frontend Developer,TypeScript,Easy,technical,What problem does TypeScript solve in software development?,template
Frontend Developer,CSS,Easy,technical,How would you use CSS to build a simple analytics dashboard?,template
Backend Developer,RabbitMQ,Hard,technical,"How does RabbitMQ ensure fault tolerance at scale, and what are its architectural limitations?",template
Frontend Developer,HTML5,Medium,system_design,Design a job scheduling system that uses HTML5 for full-text search. What components would you include?,template
Backend Developer,Python,Medium,technical,What are common pitfalls when using Python and how do you avoid them?,template
Backend Developer,Docker,Hard,behavioural,Describe a situation where you had to make a critical architectural decision involving Docker under tight time pressure.,template
Backend Developer,Django,Easy,behavioural,Describe your experience learning Django for the first time.,template
DevOps Engineer,Terraform,Medium,technical,What are common pitfalls when using Terraform and how do you avoid them?,template
ML Engineer,Model Deployment,Medium,technical,A memory leak is suspected in your Model Deployment application. How do you confirm and eliminate it?,template
Frontend Developer,HTML5,Easy,technical,"If a junior developer asked you to explain HTML5, what real-world analogy would you use?",template
Frontend Developer,CSS,Hard,technical,"How does CSS ensure low read latency at scale, and what are its architectural limitations?",template
Data Analyst,Excel,Easy,technical,A basic Excel function is returning None unexpectedly. How do you debug it?,template
Data Analyst,Pandas,Medium,technical,How would you use Pandas to handle authentication at scale in a real-world application?,template
Frontend Developer,HTML5,Hard,system_design,Architect a fault-tolerant job scheduling system using HTML5. How do you handle failures without data loss?,template
DevOps Engineer,Jenkins,Hard,behavioural,"Tell me about a time Jenkins caused a production incident that affected users. How did you lead the resolution, and what did you change afterwards?",template
Frontend Developer,JavaScript,Hard,technical,Your real-time chat app is experiencing memory leak at 10x normal traffic. How do you use JavaScript to diagnose and resolve it?,template
Backend Developer,Kafka,Easy,system_design,Design a simple todo app using Kafka as the core technology.,template
DevOps Engineer,Linux,Medium,system_design,"How would you design a RESTful API using Linux that supports 10,000 concurrent users?",template
ML Engineer,MLflow,Easy,technical,You are starting a new ML Engineer project. Why would you choose MLflow?,template
DevOps Engineer,Docker,Hard,technical,Your notification service is experiencing memory leak at 10x normal traffic. How do you use Docker to diagnose and resolve it?,template
Full Stack Developer,MongoDB,Medium,system_design,Design a notification service that uses MongoDB for session management. What components would you include?,template
Frontend Developer,HTML5,Easy,technical,How would you use HTML5 to build a simple analytics dashboard?,template
Frontend Developer,Next.js,Medium,technical,A memory leak is suspected in your Next.js application. How do you confirm and eliminate it?,template
Data Analyst,Tableau,Easy,technical,What is Tableau and why is it important for a Data Analyst?,template
Frontend Developer,TypeScript,Hard,technical,"Compare TypeScript with its closest alternative in terms of performance, scalability, and developer experience.",template
DevOps Engineer,Jenkins,Hard,technical,"How does Jenkins ensure fault tolerance at scale, and what are its architectural limitations?",template
ML Engineer,scikit-learn,Medium,technical,You are building a URL shortener and need to integrate scikit-learn. Walk me through your approach.,template
Backend Developer,Kafka,Easy,technical,Explain the basic concept of Kafka in simple terms.,template
Full Stack Developer,Node.js,Medium,technical,A Node.js application in production is consuming 90% CPU. How do you investigate and resolve this?,template
Backend Developer,FastAPI,Easy,technical,What is FastAPI and why is it important for a Backend Developer?,template
Frontend Developer,Redux,Medium,system_design,Design a analytics dashboard that uses Redux for audit logging. What components would you include?,template
Frontend Developer,Vue.js,Easy,behavioural,Tell me about a project where you used Vue.js.,template
Backend Developer,Node.js,Easy,technical,A basic Node.js function is returning None unexpectedly. How do you debug it?,template
DevOps Engineer,CI/CD,Medium,technical,You are building a job scheduling system and need to integrate CI/CD. Walk me through your approach.,template
DevOps Engineer,Ansible,Medium,behavioural,Tell me about a time you had to convince your team to adopt Ansible. How did you make the case?,template
Backend Developer,Docker,Easy,system_design,Design a simple todo app using Docker as the core technology.,template
Frontend Developer,CSS,Easy,technical,A basic CSS function is returning None unexpectedly. How do you debug it?,template
DevOps Engineer,Ansible,Easy,technical,Explain the basic concept of Ansible in simple terms.,template
Data Analyst,NumPy,Easy,technical,A basic NumPy function is returning None unexpectedly. How do you debug it?,template
Frontend Developer,CSS,Medium,technical,How would you use CSS to handle rate limiting in a real-world application?,template
DevOps Engineer,CI/CD,Easy,system_design,Design a simple todo app using CI/CD as the core technology.,template
DevOps Engineer,Linux,Hard,behavioural,"Tell me about a time Linux caused a production incident that affected users. How did you lead the resolution, and what did you change afterwards?",template
ML Engineer,scikit-learn,Easy,technical,"If a junior developer asked you to explain scikit-learn, what real-world analogy would you use?",template
DevOps Engineer,Kubernetes,Medium,technical,How would you use Kubernetes to handle authentication at scale in a real-world application?,template
ML Engineer,MLflow,Hard,technical,"Compare MLflow with its closest alternative in terms of performance, scalability, and developer experience.",template
Backend Developer,Node.js,Easy,technical,"If a junior developer asked you to explain Node.js, what real-world analogy would you use?",template
ML Engineer,Python,Hard,technical,"How does Python ensure fault tolerance at scale, and what are its architectural limitations?",template
DevOps Engineer,Ansible,Hard,system_design,Design a highly scalable analytics dashboard using Ansible that handles 1 million events per second.,template
Backend Developer,Redis,Hard,behavioural,"Tell me about a time Redis caused a production incident that affected users. How did you lead the resolution, and what did you change afterwards?",template
Frontend Developer,Webpack,Hard,system_design,Design a highly scalable real-time chat app using Webpack that handles 1 million events per second.,template
DevOps Engineer,Ansible,Hard,technical,What are the internal memory management strategies used by Ansible?,template
Data Analyst,Excel,Medium,technical,How would you use Excel to handle high concurrency in a real-world application?,template
Backend Developer,Node.js,Easy,system_design,Design a simple todo app using Node.js as the core technology.,template
DevOps Engineer,CI/CD,Hard,technical,You are the lead engineer on a real-time chat app serving 5 million users. How would you architect CI/CD into the stack?,template
DevOps Engineer,Jenkins,Hard,technical,What are the internal memory management strategies used by Jenkins?,template
Frontend Developer,Vue.js,Easy,behavioural,Describe your experience learning Vue.js for the first time.,template
DevOps Engineer,CI/CD,Easy,technical,Your CI/CD application is throwing an unhandled error on startup. What are your first steps?,template
DevOps Engineer,Kubernetes,Hard,system_design,Design a multi-region deployment of Kubernetes for a global application with sub-100ms latency requirements.,template
Frontend Developer,TypeScript,Medium,technical,What are common pitfalls when using TypeScript and how do you avoid them?,template
Frontend Developer,CSS,Easy,system_design,How would you structure a basic project using CSS?,template
Full Stack Developer,TypeScript,Hard,system_design,Design a highly scalable notification service using TypeScript that handles 1 million events per second.,template
Frontend Developer,JavaScript,Easy,technical,You are starting a new Frontend Developer project. Why would you choose JavaScript?,template
DevOps Engineer,CI/CD,Hard,technical,What are the internal memory management strategies used by CI/CD?,template
Backend Developer,MongoDB,Hard,behavioural,"Tell me about a time MongoDB caused a production incident that affected users. How did you lead the resolution, and what did you change afterwards?",template
Backend Developer,MongoDB,Hard,system_design,Design a highly scalable e-commerce platform using MongoDB that handles 1 million events per second.,template
DevOps Engineer,Terraform,Medium,technical,Users are reporting intermittent failures in a Terraform service. How do you reproduce and fix the issue?,template
DevOps Engineer,Kubernetes,Easy,technical,Define Kubernetes and its primary use case.,template
Data Analyst,Statistics,Easy,technical,What are the main features of Statistics?,template
Frontend Developer,TypeScript,Medium,technical,A TypeScript application in production is consuming 90% CPU. How do you investigate and resolve this?,template
Frontend Developer,TypeScript,Hard,system_design,Architect a fault-tolerant analytics dashboard using TypeScript. How do you handle failures without data loss?,template
ML Engineer,PyTorch,Hard,technical,You are the lead engineer on a analytics dashboard serving 5 million users. How would you architect PyTorch into the stack?,template
Frontend Developer,TypeScript,Hard,technical,You are the lead engineer on a real-time chat app serving 5 million users. How would you architect TypeScript into the stack?,template
Backend Developer,REST API,Easy,technical,A basic REST API function is returning None unexpectedly. How do you debug it?,template
Data Analyst,Tableau,Medium,technical,How would you use Tableau to handle authentication at scale in a real-world application?,template
ML Engineer,PyTorch,Medium,technical,You are building a job scheduling system and need to integrate PyTorch. Walk me through your approach.,template
Backend Developer,MongoDB,Medium,technical,A MongoDB application in production is consuming 90% CPU. How do you investigate and resolve this?,template
Full Stack Developer,Docker,Medium,system_design,Design a e-commerce platform that uses Docker for audit logging. What components would you include?,template
Data Analyst,Pandas,Easy,system_design,How would you structure a basic project using Pandas?,template
DevOps Engineer,Jenkins,Easy,technical,"If a junior developer asked you to explain Jenkins, what real-world analogy would you use?",template
Backend Developer,PostgreSQL,Medium,system_design,Design a job scheduling system that uses PostgreSQL for caching. What components would you include?,template
ML Engineer,PyTorch,Easy,system_design,How would you structure a basic project using PyTorch?,template
Data Analyst,Pandas,Hard,behavioural,"Tell me about a time Pandas caused a production incident that affected users. How did you lead the resolution, and what did you change afterwards?",template
DevOps Engineer,Linux,Easy,technical,Your Linux application is throwing an unhandled error on startup. What are your first steps?,template
Frontend Developer,CSS,Medium,system_design,Design the database schema for a real-time chat app that uses CSS as its data layer.,template
Full Stack Developer,React,Hard,technical,You are the lead engineer on a job scheduling system serving 5 million users. How would you architect React into the stack?,template
Data Analyst,Power BI,Medium,technical,A Power BI application in production is consuming 90% CPU. How do you investigate and resolve this?,template
Data Analyst,Pandas,Hard,technical,"A deadlock is occurring in your Pandas database layer during peak traffic. How do you detect, resolve, and prevent this?",template
Frontend Developer,TypeScript,Easy,technical,You are starting a new Frontend Developer project. Why would you choose TypeScript?,template
Backend Developer,Python,Medium,technical,What are the trade-offs of using Python over alternatives?,template
Data Analyst,Power BI,Easy,system_design,How would you structure a basic project using Power BI?,template
Frontend Developer,Webpack,Hard,behavioural,"Tell me about a time Webpack caused a production incident that affected users. How did you lead the resolution, and what did you change afterwards?",template
Frontend Developer,Webpack,Medium,technical,You are building a real-time chat app and need to integrate Webpack. Walk me through your approach.,template
Frontend Developer,Next.js,Hard,system_design,Architect a fault-tolerant job scheduling system using Next.js. How do you handle failures without data loss?,template
ML Engineer,BERT,Hard,technical,"A deadlock is occurring in your BERT database layer during peak traffic. How do you detect, resolve, and prevent this?",template
Backend Developer,Redis,Medium,technical,Your team is migrating an existing system to use Redis. What is your migration plan?,template
Frontend Developer,CSS,Hard,behavioural,"Tell me about a time CSS caused a production incident that affected users. How did you lead the resolution, and what did you change afterwards?",template
DevOps Engineer,Terraform,Easy,technical,You are starting a new DevOps Engineer project. Why would you choose Terraform?,template
Frontend Developer,Vue.js,Medium,technical,What are the trade-offs of using Vue.js over alternatives?,template
ML Engineer,Model Deployment,Easy,behavioural,Describe your experience learning Model Deployment for the first time.,template
Frontend Developer,React,Easy,behavioural,Describe your experience learning React for the first time.,template
Backend Developer,MongoDB,Hard,behavioural,Describe a situation where you had to make a critical architectural decision involving MongoDB under tight time pressure.,template
Frontend Developer,Vue.js,Medium,system_design,Design a job scheduling system that uses Vue.js for session management. What components would you include?,template
Backend Developer,RabbitMQ,Hard,technical,Your notification service is experiencing cascading timeouts at 10x normal traffic. How do you use RabbitMQ to diagnose and resolve it?,template
Backend Developer,Redis,Hard,behavioural,Describe a situation where you had to make a critical architectural decision involving Redis under tight time pressure.,template
DevOps Engineer,Kubernetes,Easy,system_design,How would you structure a basic project using Kubernetes?,template
DevOps Engineer,Jenkins,Easy,behavioural,Tell me about a project where you used Jenkins.,template
Backend Developer,Kafka,Medium,technical,A Kafka application in production is consuming 90% CPU. How do you investigate and resolve this?,template
Backend Developer,REST API,Medium,technical,What are common pitfalls when using REST API and how do you avoid them?,template
ML Engineer,BERT,Medium,technical,Explain how BERT works under the hood.,template
Frontend Developer,Next.js,Hard,system_design,Design a highly scalable job scheduling system using Next.js that handles 1 million events per second.,template
Backend Developer,FastAPI,Hard,technical,"How does FastAPI ensure fault tolerance at scale, and what are its architectural limitations?",template
ML Engineer,BERT,Medium,system_design,Design the database schema for a real-time chat app that uses BERT as its data layer.,template
Backend Developer,Django,Hard,behavioural,Describe a situation where you had to make a critical architectural decision involving Django under tight time pressure.,template
Frontend Developer,Redux,Hard,technical,"A deadlock is occurring in your Redux database layer during peak traffic. How do you detect, resolve, and prevent this?",template
ML Engineer,Model Deployment,Medium,technical,What are common pitfalls when using Model Deployment and how do you avoid them?,template
Full Stack Developer,TypeScript,Easy,technical,You are starting a new Full Stack Developer project. Why would you choose TypeScript?,template
ML Engineer,TensorFlow,Medium,technical,Users are reporting intermittent failures in a TensorFlow service. How do you reproduce and fix the issue?,template
ML Engineer,TensorFlow,Easy,technical,Your TensorFlow application is throwing an unhandled error on startup. What are your first steps?,template
Data Analyst,NumPy,Hard,technical,A race condition is occurring in your NumPy setup under load. Describe your complete debugging and resolution strategy.,template
ML Engineer,TensorFlow,Medium,behavioural,Describe a challenging bug you solved using TensorFlow. What was your thought process?,template
ML Engineer,MLflow,Hard,technical,A critical deadline is approaching and MLflow is causing unexpected cascading timeouts. How do you manage the situation?,template
Frontend Developer,React,Easy,technical,A basic React function is returning None unexpectedly. How do you debug it?,template
ML Engineer,Feature Engineering,Medium,technical,What are the trade-offs of using Feature Engineering over alternatives?,template
Full Stack Developer,GraphQL,Medium,system_design,"How would you design a RESTful API using GraphQL that supports 10,000 concurrent users?",template
DevOps Engineer,AWS,Easy,technical,You are starting a new DevOps Engineer project. Why would you choose AWS?,template
Backend Developer,Docker,Hard,technical,"A deadlock is occurring in your Docker database layer during peak traffic. How do you detect, resolve, and prevent this?",template
Backend Developer,Node.js,Hard,behavioural,"Tell me about a time Node.js caused a production incident that affected users. How did you lead the resolution, and what did you change afterwards?",template
DevOps Engineer,Kubernetes,Easy,technical,"If a junior developer asked you to explain Kubernetes, what real-world analogy would you use?",template
ML Engineer,MLflow,Medium,technical,What are the trade-offs of using MLflow over alternatives?,template
ML Engineer,Model Deployment,Hard,technical,A race condition is occurring in your Model Deployment setup under load. Describe your complete debugging and resolution strategy.,template
Frontend Developer,Vue.js,Medium,behavioural,Describe a challenging bug you solved using Vue.js. What was your thought process?,template
DevOps Engineer,AWS,Medium,technical,A AWS application in production is consuming 90% CPU. How do you investigate and resolve this?,template
Backend Developer,Redis,Medium,technical,How would you use Redis to handle rate limiting in a real-world application?,template
DevOps Engineer,CI/CD,Hard,behavioural,Describe a situation where you had to make a critical architectural decision involving CI/CD under tight time pressure.,template
DevOps Engineer,Terraform,Easy,technical,"If a junior developer asked you to explain Terraform, what real-world analogy would you use?",template
Frontend Developer,Next.js,Hard,technical,You are the lead engineer on a e-commerce platform serving 5 million users. How would you architect Next.js into the stack?,template
Backend Developer,Django,Medium,system_design,Design a job scheduling system that uses Django for audit logging. What components would you include?,template
DevOps Engineer,Terraform,Medium,technical,Your team is migrating an existing system to use Terraform. What is your migration plan?,template
Data Analyst,Power BI,Easy,technical,Explain the basic concept of Power BI in simple terms.,template
DevOps Engineer,Kubernetes,Hard,behavioural,"Tell me about a time Kubernetes caused a production incident that affected users. How did you lead the resolution, and what did you change afterwards?",template
ML Engineer,Feature Engineering,Hard,technical,You are the lead engineer on a e-commerce platform serving 5 million users. How would you architect Feature Engineering into the stack?,template
Backend Developer,MongoDB,Hard,technical,What are the internal memory management strategies used by MongoDB?,template
Backend Developer,Django,Hard,technical,"How does Django ensure low read latency at scale, and what are its architectural limitations?",template
DevOps Engineer,Kubernetes,Easy,technical,Explain the basic concept of Kubernetes in simple terms.,template
Frontend Developer,Webpack,Medium,technical,Users are reporting intermittent failures in a Webpack service. How do you reproduce and fix the issue?,template
DevOps Engineer,Terraform,Easy,technical,What problem does Terraform solve in software development?,template
Frontend Developer,Webpack,Medium,behavioural,Describe a challenging bug you solved using Webpack. What was your thought process?,template
ML Engineer,TensorFlow,Hard,behavioural,Describe a situation where you had to make a critical architectural decision involving TensorFlow under tight time pressure.,template
Frontend Developer,Webpack,Easy,technical,"If a junior developer asked you to explain Webpack, what real-world analogy would you use?",template
Frontend Developer,TypeScript,Medium,behavioural,Describe a challenging bug you solved using TypeScript. What was your thought process?,template
Frontend Developer,Next.js,Hard,behavioural,"Tell me about a time Next.js caused a production incident that affected users. How did you lead the resolution, and what did you change afterwards?",template
ML Engineer,TensorFlow,Medium,technical,You are building a real-time chat app and need to integrate TensorFlow. Walk me through your approach.,template
Full Stack Developer,GraphQL,Medium,behavioural,Describe a challenging bug you solved using GraphQL. What was your thought process?,template
DevOps Engineer,Terraform,Hard,behavioural,"Tell me about a time Terraform caused a production incident that affected users. How did you lead the resolution, and what did you change afterwards?",template
Data Analyst,Excel,Easy,technical,Your Excel application is throwing an unhandled error on startup. What are your first steps?,template
Data Analyst,Excel,Hard,behavioural,Describe a situation where you had to make a critical architectural decision involving Excel under tight time pressure.,template
Frontend Developer,Next.js,Medium,technical,Your team is migrating an existing system to use Next.js. What is your migration plan?,template
DevOps Engineer,Linux,Easy,technical,A basic Linux function is returning None unexpectedly. How do you debug it?,template
Backend Developer,PostgreSQL,Medium,behavioural,Tell me about a time you had to convince your team to adopt PostgreSQL. How did you make the case?,template
DevOps Engineer,AWS,Hard,technical,What are the internal memory management strategies used by AWS?,template
Backend Developer,FastAPI,Hard,technical,A race condition is occurring in your FastAPI setup under load. Describe your complete debugging and resolution strategy.,template
DevOps Engineer,AWS,Hard,technical,You are the lead engineer on a URL shortener serving 5 million users. How would you architect AWS into the stack?,template
Backend Developer,FastAPI,Hard,system_design,Architect a fault-tolerant job scheduling system using FastAPI. How do you handle failures without data loss?,template
Data Analyst,Power BI,Hard,technical,A critical deadline is approaching and Power BI is causing unexpected cascading timeouts. How do you manage the situation?,template
Backend Developer,Docker,Medium,technical,Users are reporting intermittent failures in a Docker service. How do you reproduce and fix the issue?,template
Backend Developer,Redis,Hard,technical,A race condition is occurring in your Redis setup under load. Describe your complete debugging and resolution strategy.,template
Frontend Developer,React,Easy,technical,Explain the basic concept of React in simple terms.,template
Backend Developer,Redis,Easy,technical,Define Redis and its primary use case.,template
ML Engineer,Feature Engineering,Medium,system_design,Design a URL shortener that uses Feature Engineering for audit logging. What components would you include?,template
Backend Developer,REST API,Hard,system_design,Architect a fault-tolerant analytics dashboard using REST API. How do you handle failures without data loss?,template
ML Engineer,TensorFlow,Medium,technical,How would you use TensorFlow to handle real-time data consistency in a real-world application?,template
DevOps Engineer,Linux,Easy,technical,Explain the basic concept of Linux in simple terms.,template
DevOps Engineer,CI/CD,Hard,system_design,Design a multi-region deployment of CI/CD for a global application with sub-100ms latency requirements.,template
DevOps Engineer,CI/CD,Easy,technical,Define CI/CD and its primary use case.,template
Data Analyst,Statistics,Hard,technical,A race condition is occurring in your Statistics setup under load. Describe your complete debugging and resolution strategy.,template
Data Analyst,Power BI,Medium,technical,How would you use Power BI to handle caching invalidation in a real-world application?,template
Frontend Developer,Redux,Hard,technical,You are the lead engineer on a analytics dashboard serving 5 million users. How would you architect Redux into the stack?,template
Backend Developer,REST API,Easy,technical,Define REST API and its primary use case.,template
Frontend Developer,Next.js,Easy,system_design,How would you structure a basic project using Next.js?,template
Data Analyst,Tableau,Easy,behavioural,Tell me about a project where you used Tableau.,template
Backend Developer,Django,Hard,technical,What are the internal memory management strategies used by Django?,template
Data Analyst,Python,Medium,technical,Your team is migrating an existing system to use Python. What is your migration plan?,template
Frontend Developer,CSS,Easy,technical,What is CSS and why is it important for a Frontend Developer?,template
ML Engineer,Model Deployment,Medium,system_design,Design the database schema for a URL shortener that uses Model Deployment as its data layer.,template
Frontend Developer,HTML5,Easy,technical,What is HTML5 and why is it important for a Frontend Developer?,template
Data Analyst,Power BI,Easy,technical,Define Power BI and its primary use case.,template
Backend Developer,PostgreSQL,Hard,system_design,Design a highly scalable job scheduling system using PostgreSQL that handles 1 million events per second.,template
Frontend Developer,Vue.js,Medium,technical,Explain how Vue.js works under the hood.,template
Frontend Developer,TypeScript,Easy,behavioural,Tell me about a project where you used TypeScript.,template
Frontend Developer,Next.js,Medium,technical,How does Next.js handle caching invalidation in a production environment?,template
Backend Developer,Node.js,Easy,technical,Define Node.js and its primary use case.,template
ML Engineer,MLflow,Easy,technical,What are the main features of MLflow?,template
Backend Developer,Node.js,Hard,technical,"A deadlock is occurring in your Node.js database layer during peak traffic. How do you detect, resolve, and prevent this?",template
ML Engineer,MLflow,Easy,system_design,How would you structure a basic project using MLflow?,template
ML Engineer,BERT,Medium,system_design,"How would you design a RESTful API using BERT that supports 10,000 concurrent users?",template
Backend Developer,FastAPI,Medium,behavioural,Tell me about a time you had to convince your team to adopt FastAPI. How did you make the case?,template
Data Analyst,Power BI,Easy,behavioural,Describe your experience learning Power BI for the first time.,template
Backend Developer,Redis,Easy,system_design,How would you structure a basic project using Redis?,template
Backend Developer,FastAPI,Medium,system_design,Design the database schema for a e-commerce platform that uses FastAPI as its data layer.,template
ML Engineer,BERT,Hard,system_design,Design a multi-region deployment of BERT for a global application with sub-100ms latency requirements.,template
Backend Developer,Docker,Easy,behavioural,Describe your experience learning Docker for the first time.,template
Backend Developer,MongoDB,Easy,technical,What are the main features of MongoDB?,template
Frontend Developer,Redux,Medium,system_design,Design the database schema for a e-commerce platform that uses Redux as its data layer.,template
Frontend Developer,React,Hard,behavioural,Describe a situation where you had to make a critical architectural decision involving React under tight time pressure.,template
Backend Developer,Django,Easy,technical,A basic Django function is returning None unexpectedly. How do you debug it?,template
Frontend Developer,HTML5,Medium,technical,Your team is migrating an existing system to use HTML5. What is your migration plan?,template
Data Analyst,Tableau,Easy,technical,What problem does Tableau solve in software development?,template
DevOps Engineer,Terraform,Easy,system_design,Design a simple todo app using Terraform as the core technology.,template
Frontend Developer,Redux,Medium,behavioural,Tell me about a time you had to convince your team to adopt Redux. How did you make the case?,template
DevOps Engineer,CI/CD,Easy,behavioural,Tell me about a project where you used CI/CD.,template
Full Stack Developer,GraphQL,Easy,technical,Define GraphQL and its primary use case.,template
Frontend Developer,Redux,Hard,technical,A critical deadline is approaching and Redux is causing unexpected cascading timeouts. How do you manage the situation?,template
Backend Developer,Django,Easy,behavioural,Tell me about a project where you used Django.,template
