input_prompt,output_question
"Generate a Hard system design interview question for a Frontend Developer focusing on Next.js architecture, scalability, and system trade-offs. End with a question mark.",Design a highly scalable job scheduling system using Next.js that handles 1 million events per second.
"Generate a Easy system design interview question for a Ml Engineer focusing on PyTorch architecture, scalability, and system trade-offs. End with a question mark.",How would you structure a basic project using PyTorch?
"Generate a Hard system design interview question for a Ml Engineer focusing on MLflow architecture, scalability, and system trade-offs. End with a question mark.",Architect a fault-tolerant analytics dashboard using MLflow. How do you handle failures without data loss?
"Generate a Medium behavioural interview question for a Data Analyst about their past experience with SQL. Focus on leadership, conflict, or problem-solving. End with a question mark.",Describe a challenging bug you solved using SQL. What was your thought process?
"Generate a Medium behavioural interview question for a Frontend Developer about their past experience with Redux. Focus on leadership, conflict, or problem-solving. End with a question mark.",Describe a challenging bug you solved using Redux. What was your thought process?
"Generate a Medium behavioural interview question for a Devops Engineer about their past experience with Ansible. Focus on leadership, conflict, or problem-solving. End with a question mark.",Tell me about a time you had to convince your team to adopt Ansible. How did you make the case?
"Generate a Hard system design interview question for a Backend Developer focusing on PostgreSQL architecture, scalability, and system trade-offs. End with a question mark.",Architect a fault-tolerant e-commerce platform using PostgreSQL. How do you handle failures without data loss?
"Generate a Easy behavioural interview question for a Devops Engineer about their past experience with CI/CD. Focus on leadership, conflict, or problem-solving. End with a question mark.",Describe your experience learning CI/CD for the first time.
Generate a Easy technical interview question for a Devops Engineer about CI/CD. The question should be scenario-based and require deep technical knowledge. End with a question mark.,Define CI/CD and its primary use case.
Generate a Medium technical interview question for a Backend Developer about RabbitMQ. The question should be scenario-based and require deep technical knowledge. End with a question mark.,You are building a analytics dashboard and need to integrate RabbitMQ. Walk me through your approach.
Generate a Easy technical interview question for a Backend Developer about Redis. The question should be scenario-based and require deep technical knowledge. End with a question mark.,What problem does Redis solve in software development?
Generate a Hard technical interview question for a Backend Developer about Kafka. The question should be scenario-based and require deep technical knowledge. End with a question mark.,What are the internal memory management strategies used by Kafka?
"Generate a Hard behavioural interview question for a Backend Developer about their past experience with Redis. Focus on leadership, conflict, or problem-solving. End with a question mark.","Tell me about a time Redis caused a production incident that affected users. How did you lead the resolution, and what did you change afterwards?"
Generate a Medium technical interview question for a Full Stack Developer about MongoDB. The question should be scenario-based and require deep technical knowledge. End with a question mark.,What are the trade-offs of using MongoDB over alternatives?
"Generate a Medium system design interview question for a Devops Engineer focusing on CI/CD architecture, scalability, and system trade-offs. End with a question mark.",Design a URL shortener that uses CI/CD for full-text search. What components would you include?
Generate a Hard technical interview question for a Frontend Developer about Vue.js. The question should be scenario-based and require deep technical knowledge. End with a question mark.,A race condition is occurring in your Vue.js setup under load. Describe your complete debugging and resolution strategy.
Generate a Easy technical interview question for a Data Analyst about NumPy. The question should be scenario-based and require deep technical knowledge. End with a question mark.,Define NumPy and its primary use case.
Generate a Hard technical interview question for a Backend Developer about Redis. The question should be scenario-based and require deep technical knowledge. End with a question mark.,"Compare Redis with its closest alternative in terms of performance, scalability, and developer experience."
Generate a Easy technical interview question for a Data Analyst about Tableau. The question should be scenario-based and require deep technical knowledge. End with a question mark.,What is Tableau and why is it important for a Data Analyst?
Generate a Easy technical interview question for a Frontend Developer about TypeScript. The question should be scenario-based and require deep technical knowledge. End with a question mark.,Your TypeScript application is throwing an unhandled error on startup. What are your first steps?
Generate a Hard technical interview question for a Frontend Developer about TypeScript. The question should be scenario-based and require deep technical knowledge. End with a question mark.,You are the lead engineer on a real-time chat app serving 5 million users. How would you architect TypeScript into the stack?
Generate a Easy technical interview question for a Frontend Developer about Webpack. The question should be scenario-based and require deep technical knowledge. End with a question mark.,Define Webpack and its primary use case.
"Generate a Easy system design interview question for a Backend Developer focusing on Docker architecture, scalability, and system trade-offs. End with a question mark.",Design a simple todo app using Docker as the core technology.
Generate a Easy technical interview question for a Devops Engineer about Terraform. The question should be scenario-based and require deep technical knowledge. End with a question mark.,"If a junior developer asked you to explain Terraform, what real-world analogy would you use?"
"Generate a Hard system design interview question for a Backend Developer focusing on RabbitMQ architecture, scalability, and system trade-offs. End with a question mark.",Architect a fault-tolerant notification service using RabbitMQ. How do you handle failures without data loss?
Generate a Easy technical interview question for a Frontend Developer about Vue.js. The question should be scenario-based and require deep technical knowledge. End with a question mark.,What problem does Vue.js solve in software development?
Generate a Hard technical interview question for a Backend Developer about FastAPI. The question should be scenario-based and require deep technical knowledge. End with a question mark.,"A deadlock is occurring in your FastAPI database layer during peak traffic. How do you detect, resolve, and prevent this?"
Generate a Hard technical interview question for a Devops Engineer about Ansible. The question should be scenario-based and require deep technical knowledge. End with a question mark.,What are the internal memory management strategies used by Ansible?
Generate a Hard technical interview question for a Devops Engineer about AWS. The question should be scenario-based and require deep technical knowledge. End with a question mark.,What are the internal memory management strategies used by AWS?
Generate a Easy technical interview question for a Frontend Developer about Next.js. The question should be scenario-based and require deep technical knowledge. End with a question mark.,What are the main features of Next.js?
"Generate a Hard behavioural interview question for a Ml Engineer about their past experience with TensorFlow. Focus on leadership, conflict, or problem-solving. End with a question mark.","Tell me about a time TensorFlow caused a production incident that affected users. How did you lead the resolution, and what did you change afterwards?"
"Generate a Hard system design interview question for a Devops Engineer focusing on Terraform architecture, scalability, and system trade-offs. End with a question mark.",Architect a fault-tolerant analytics dashboard using Terraform. How do you handle failures without data loss?
Generate a Medium technical interview question for a Backend Developer about Django. The question should be scenario-based and require deep technical knowledge. End with a question mark.,You are building a real-time chat app and need to integrate Django. Walk me through your approach.
Generate a Medium technical interview question for a Backend Developer about Kafka. The question should be scenario-based and require deep technical knowledge. End with a question mark.,How would you use Kafka to handle real-time data consistency in a real-world application?
"Generate a Medium behavioural interview question for a Data Analyst about their past experience with Power BI. Focus on leadership, conflict, or problem-solving. End with a question mark.",Tell me about a time you had to convince your team to adopt Power BI. How did you make the case?
"Generate a Hard system design interview question for a Frontend Developer focusing on Redux architecture, scalability, and system trade-offs. End with a question mark.",Design a multi-region deployment of Redux for a global application with sub-100ms latency requirements.
"Generate a Easy behavioural interview question for a Devops Engineer about their past experience with Jenkins. Focus on leadership, conflict, or problem-solving. End with a question mark.",Tell me about a project where you used Jenkins.
"Generate a Hard system design interview question for a Devops Engineer focusing on Docker architecture, scalability, and system trade-offs. End with a question mark.",Design a highly scalable e-commerce platform using Docker that handles 1 million events per second.
"Generate a Easy behavioural interview question for a Devops Engineer about their past experience with CI/CD. Focus on leadership, conflict, or problem-solving. End with a question mark.",Tell me about a project where you used CI/CD.
Generate a Easy technical interview question for a Data Analyst about Excel. The question should be scenario-based and require deep technical knowledge. End with a question mark.,Your Excel application is throwing an unhandled error on startup. What are your first steps?
Generate a Medium technical interview question for a Devops Engineer about Jenkins. The question should be scenario-based and require deep technical knowledge. End with a question mark.,Your team is migrating an existing system to use Jenkins. What is your migration plan?
Generate a Easy technical interview question for a Data Analyst about Power BI. The question should be scenario-based and require deep technical knowledge. End with a question mark.,You are starting a new Data Analyst project. Why would you choose Power BI?
"Generate a Medium behavioural interview question for a Ml Engineer about their past experience with MLflow. Focus on leadership, conflict, or problem-solving. End with a question mark.",Describe a challenging bug you solved using MLflow. What was your thought process?
"Generate a Hard system design interview question for a Full Stack Developer focusing on Docker architecture, scalability, and system trade-offs. End with a question mark.",Architect a fault-tolerant real-time chat app using Docker. How do you handle failures without data loss?
Generate a Medium technical interview question for a Ml Engineer about Model Deployment. The question should be scenario-based and require deep technical knowledge. End with a question mark.,A memory leak is suspected in your Model Deployment application. How do you confirm and eliminate it?
"Generate a Easy behavioural interview question for a Backend Developer about their past experience with RabbitMQ. Focus on leadership, conflict, or problem-solving. End with a question mark.",Describe your experience learning RabbitMQ for the first time.
Generate a Easy technical interview question for a Devops Engineer about Ansible. The question should be scenario-based and require deep technical knowledge. End with a question mark.,Define Ansible and its primary use case.
Generate a Easy technical interview question for a Frontend Developer about HTML5. The question should be scenario-based and require deep technical knowledge. End with a question mark.,"If a junior developer asked you to explain HTML5, what real-world analogy would you use?"
"Generate a Medium system design interview question for a Devops Engineer focusing on Linux architecture, scalability, and system trade-offs. End with a question mark.","How would you design a RESTful API using Linux that supports 10,000 concurrent users?"
Generate a Easy technical interview question for a Devops Engineer about CI/CD. The question should be scenario-based and require deep technical knowledge. End with a question mark.,How would you use CI/CD to build a simple e-commerce platform?
Generate a Medium technical interview question for a Devops Engineer about Jenkins. The question should be scenario-based and require deep technical knowledge. End with a question mark.,A memory leak is suspected in your Jenkins application. How do you confirm and eliminate it?
Generate a Medium technical interview question for a Devops Engineer about CI/CD. The question should be scenario-based and require deep technical knowledge. End with a question mark.,Users are reporting intermittent failures in a CI/CD service. How do you reproduce and fix the issue?
"Generate a Medium system design interview question for a Backend Developer focusing on PostgreSQL architecture, scalability, and system trade-offs. End with a question mark.",Design a job scheduling system that uses PostgreSQL for caching. What components would you include?
"Generate a Easy system design interview question for a Devops Engineer focusing on Linux architecture, scalability, and system trade-offs. End with a question mark.",Design a simple todo app using Linux as the core technology.
Generate a Easy technical interview question for a Data Analyst about Excel. The question should be scenario-based and require deep technical knowledge. End with a question mark.,"If a junior developer asked you to explain Excel, what real-world analogy would you use?"
Generate a Hard technical interview question for a Backend Developer about Docker. The question should be scenario-based and require deep technical knowledge. End with a question mark.,A critical deadline is approaching and Docker is causing unexpected data corruption. How do you manage the situation?
Generate a Hard technical interview question for a Full Stack Developer about TypeScript. The question should be scenario-based and require deep technical knowledge. End with a question mark.,You are the lead engineer on a notification service serving 5 million users. How would you architect TypeScript into the stack?
"Generate a Easy behavioural interview question for a Frontend Developer about their past experience with Redux. Focus on leadership, conflict, or problem-solving. End with a question mark.",Describe your experience learning Redux for the first time.
"Generate a Easy behavioural interview question for a Backend Developer about their past experience with Docker. Focus on leadership, conflict, or problem-solving. End with a question mark.",Tell me about a project where you used Docker.
Generate a Medium technical interview question for a Ml Engineer about Model Deployment. The question should be scenario-based and require deep technical knowledge. End with a question mark.,How would you use Model Deployment to handle rate limiting in a real-world application?
"Generate a Easy system design interview question for a Frontend Developer focusing on React architecture, scalability, and system trade-offs. End with a question mark.",How would you structure a basic project using React?
"Generate a Medium system design interview question for a Backend Developer focusing on Django architecture, scalability, and system trade-offs. End with a question mark.",Design a job scheduling system that uses Django for audit logging. What components would you include?
Generate a Medium technical interview question for a Frontend Developer about TypeScript. The question should be scenario-based and require deep technical knowledge. End with a question mark.,A TypeScript application in production is consuming 90% CPU. How do you investigate and resolve this?
Generate a Easy technical interview question for a Backend Developer about Redis. The question should be scenario-based and require deep technical knowledge. End with a question mark.,A basic Redis function is returning None unexpectedly. How do you debug it?
"Generate a Hard system design interview question for a Ml Engineer focusing on Feature Engineering architecture, scalability, and system trade-offs. End with a question mark.",Design a highly scalable e-commerce platform using Feature Engineering that handles 1 million events per second.
"Generate a Medium behavioural interview question for a Backend Developer about their past experience with Node.js. Focus on leadership, conflict, or problem-solving. End with a question mark.",Describe a challenging bug you solved using Node.js. What was your thought process?
"Generate a Easy behavioural interview question for a Frontend Developer about their past experience with Webpack. Focus on leadership, conflict, or problem-solving. End with a question mark.",Tell me about a project where you used Webpack.
"Generate a Easy behavioural interview question for a Backend Developer about their past experience with Docker. Focus on leadership, conflict, or problem-solving. End with a question mark.",Describe your experience learning Docker for the first time.
Generate a Hard technical interview question for a Backend Developer about FastAPI. The question should be scenario-based and require deep technical knowledge. End with a question mark.,A critical deadline is approaching and FastAPI is causing unexpected high latency spikes. How do you manage the situation?
"Generate a Easy behavioural interview question for a Devops Engineer about their past experience with Ansible. Focus on leadership, conflict, or problem-solving. End with a question mark.",Tell me about a project where you used Ansible.
Generate a Easy technical interview question for a Backend Developer about Redis. The question should be scenario-based and require deep technical knowledge. End with a question mark.,"If a junior developer asked you to explain Redis, what real-world analogy would you use?"
Generate a Medium technical interview question for a Full Stack Developer about Node.js. The question should be scenario-based and require deep technical knowledge. End with a question mark.,Your team is migrating an existing system to use Node.js. What is your migration plan?
"Generate a Medium behavioural interview question for a Frontend Developer about their past experience with Redux. Focus on leadership, conflict, or problem-solving. End with a question mark.",Tell me about a time you had to convince your team to adopt Redux. How did you make the case?
Generate a Easy technical interview question for a Data Analyst about Tableau. The question should be scenario-based and require deep technical knowledge. End with a question mark.,A basic Tableau function is returning None unexpectedly. How do you debug it?
"Generate a Medium system design interview question for a Ml Engineer focusing on MLflow architecture, scalability, and system trade-offs. End with a question mark.",Design the database schema for a e-commerce platform that uses MLflow as its data layer.
Generate a Easy technical interview question for a Backend Developer about Docker. The question should be scenario-based and require deep technical knowledge. End with a question mark.,What are the main features of Docker?
Generate a Easy technical interview question for a Data Analyst about SQL. The question should be scenario-based and require deep technical knowledge. End with a question mark.,What are the main features of SQL?
"Generate a Easy behavioural interview question for a Frontend Developer about their past experience with JavaScript. Focus on leadership, conflict, or problem-solving. End with a question mark.",Tell me about a project where you used JavaScript.
Generate a Medium technical interview question for a Devops Engineer about Terraform. The question should be scenario-based and require deep technical knowledge. End with a question mark.,What are common pitfalls when using Terraform and how do you avoid them?
"Generate a Hard system design interview question for a Full Stack Developer focusing on GraphQL architecture, scalability, and system trade-offs. End with a question mark.",Design a highly scalable analytics dashboard using GraphQL that handles 1 million events per second.
Generate a Medium technical interview question for a Backend Developer about Kafka. The question should be scenario-based and require deep technical knowledge. End with a question mark.,What are the trade-offs of using Kafka over alternatives?
Generate a Medium technical interview question for a Frontend Developer about CSS. The question should be scenario-based and require deep technical knowledge. End with a question mark.,A CSS application in production is consuming 90% CPU. How do you investigate and resolve this?
"Generate a Easy behavioural interview question for a Data Analyst about their past experience with SQL. Focus on leadership, conflict, or problem-solving. End with a question mark.",Tell me about a project where you used SQL.
Generate a Medium technical interview question for a Devops Engineer about Jenkins. The question should be scenario-based and require deep technical knowledge. End with a question mark.,Explain how Jenkins works under the hood.
"Generate a Medium system design interview question for a Backend Developer focusing on Node.js architecture, scalability, and system trade-offs. End with a question mark.",Design a notification service that uses Node.js for full-text search. What components would you include?
"Generate a Easy behavioural interview question for a Data Analyst about their past experience with Power BI. Focus on leadership, conflict, or problem-solving. End with a question mark.",Describe your experience learning Power BI for the first time.
"Generate a Hard system design interview question for a Ml Engineer focusing on BERT architecture, scalability, and system trade-offs. End with a question mark.",Design a multi-region deployment of BERT for a global application with sub-100ms latency requirements.
Generate a Hard technical interview question for a Data Analyst about Tableau. The question should be scenario-based and require deep technical knowledge. End with a question mark.,What are the internal memory management strategies used by Tableau?
"Generate a Easy behavioural interview question for a Backend Developer about their past experience with Node.js. Focus on leadership, conflict, or problem-solving. End with a question mark.",Tell me about a project where you used Node.js.
Generate a Hard technical interview question for a Data Analyst about SQL. The question should be scenario-based and require deep technical knowledge. End with a question mark.,You are the lead engineer on a analytics dashboard serving 5 million users. How would you architect SQL into the stack?
Generate a Hard technical interview question for a Devops Engineer about Jenkins. The question should be scenario-based and require deep technical knowledge. End with a question mark.,What are the internal memory management strategies used by Jenkins?
Generate a Medium technical interview question for a Ml Engineer about MLflow. The question should be scenario-based and require deep technical knowledge. End with a question mark.,What are the trade-offs of using MLflow over alternatives?
"Generate a Hard system design interview question for a Frontend Developer focusing on JavaScript architecture, scalability, and system trade-offs. End with a question mark.",Design a multi-region deployment of JavaScript for a global application with sub-100ms latency requirements.
"Generate a Easy system design interview question for a Backend Developer focusing on FastAPI architecture, scalability, and system trade-offs. End with a question mark.",Design a simple todo app using FastAPI as the core technology.
"Generate a Hard behavioural interview question for a Devops Engineer about their past experience with Linux. Focus on leadership, conflict, or problem-solving. End with a question mark.","Tell me about a time Linux caused a production incident that affected users. How did you lead the resolution, and what did you change afterwards?"
Generate a Easy technical interview question for a Frontend Developer about HTML5. The question should be scenario-based and require deep technical knowledge. End with a question mark.,How would you use HTML5 to build a simple analytics dashboard?
Generate a Hard technical interview question for a Data Analyst about NumPy. The question should be scenario-based and require deep technical knowledge. End with a question mark.,A race condition is occurring in your NumPy setup under load. Describe your complete debugging and resolution strategy.
Generate a Easy technical interview question for a Backend Developer about Redis. The question should be scenario-based and require deep technical knowledge. End with a question mark.,Define Redis and its primary use case.
Generate a Hard technical interview question for a Data Analyst about Tableau. The question should be scenario-based and require deep technical knowledge. End with a question mark.,A race condition is occurring in your Tableau setup under load. Describe your complete debugging and resolution strategy.
Generate a Hard technical interview question for a Data Analyst about Power BI. The question should be scenario-based and require deep technical knowledge. End with a question mark.,A critical deadline is approaching and Power BI is causing unexpected cascading timeouts. How do you manage the situation?
"Generate a Hard system design interview question for a Devops Engineer focusing on AWS architecture, scalability, and system trade-offs. End with a question mark.",Design a highly scalable real-time chat app using AWS that handles 1 million events per second.
Generate a Hard technical interview question for a Frontend Developer about Vue.js. The question should be scenario-based and require deep technical knowledge. End with a question mark.,What are the internal memory management strategies used by Vue.js?
Generate a Medium technical interview question for a Backend Developer about RabbitMQ. The question should be scenario-based and require deep technical knowledge. End with a question mark.,How does RabbitMQ handle rate limiting in a production environment?
"Generate a Easy system design interview question for a Ml Engineer focusing on MLflow architecture, scalability, and system trade-offs. End with a question mark.",Design a simple todo app using MLflow as the core technology.
Generate a Easy technical interview question for a Ml Engineer about Feature Engineering. The question should be scenario-based and require deep technical knowledge. End with a question mark.,"If a junior developer asked you to explain Feature Engineering, what real-world analogy would you use?"
Generate a Hard technical interview question for a Backend Developer about Kafka. The question should be scenario-based and require deep technical knowledge. End with a question mark.,"Compare Kafka with its closest alternative in terms of performance, scalability, and developer experience."
Generate a Easy technical interview question for a Full Stack Developer about Node.js. The question should be scenario-based and require deep technical knowledge. End with a question mark.,How would you use Node.js to build a simple URL shortener?
Generate a Easy technical interview question for a Backend Developer about REST API. The question should be scenario-based and require deep technical knowledge. End with a question mark.,Define REST API and its primary use case.
"Generate a Easy behavioural interview question for a Backend Developer about their past experience with Kafka. Focus on leadership, conflict, or problem-solving. End with a question mark.",Tell me about a project where you used Kafka.
"Generate a Easy behavioural interview question for a Full Stack Developer about their past experience with GraphQL. Focus on leadership, conflict, or problem-solving. End with a question mark.",Describe your experience learning GraphQL for the first time.
"Generate a Easy behavioural interview question for a Frontend Developer about their past experience with Next.js. Focus on leadership, conflict, or problem-solving. End with a question mark.",Describe your experience learning Next.js for the first time.
Generate a Hard technical interview question for a Full Stack Developer about TypeScript. The question should be scenario-based and require deep technical knowledge. End with a question mark.,Your URL shortener is experiencing cascading timeouts at 10x normal traffic. How do you use TypeScript to diagnose and resolve it?
"Generate a Medium system design interview question for a Frontend Developer focusing on JavaScript architecture, scalability, and system trade-offs. End with a question mark.","How would you design a RESTful API using JavaScript that supports 10,000 concurrent users?"
Generate a Medium technical interview question for a Frontend Developer about TypeScript. The question should be scenario-based and require deep technical knowledge. End with a question mark.,A memory leak is suspected in your TypeScript application. How do you confirm and eliminate it?
"Generate a Hard behavioural interview question for a Devops Engineer about their past experience with CI/CD. Focus on leadership, conflict, or problem-solving. End with a question mark.",Describe a situation where you had to make a critical architectural decision involving CI/CD under tight time pressure.
"Generate a Easy system design interview question for a Backend Developer focusing on Redis architecture, scalability, and system trade-offs. End with a question mark.",Design a simple todo app using Redis as the core technology.
Generate a Medium technical interview question for a Frontend Developer about Webpack. The question should be scenario-based and require deep technical knowledge. End with a question mark.,A memory leak is suspected in your Webpack application. How do you confirm and eliminate it?
Generate a Easy technical interview question for a Backend Developer about Node.js. The question should be scenario-based and require deep technical knowledge. End with a question mark.,Define Node.js and its primary use case.
Generate a Medium technical interview question for a Full Stack Developer about Node.js. The question should be scenario-based and require deep technical knowledge. End with a question mark.,Explain how Node.js works under the hood.
Generate a Hard technical interview question for a Full Stack Developer about Node.js. The question should be scenario-based and require deep technical knowledge. End with a question mark.,You are the lead engineer on a URL shortener serving 5 million users. How would you architect Node.js into the stack?
Generate a Hard technical interview question for a Ml Engineer about Feature Engineering. The question should be scenario-based and require deep technical knowledge. End with a question mark.,Your Feature Engineering deployment is experiencing cascading failures across microservices. How do you isolate the root cause?
"Generate a Easy behavioural interview question for a Ml Engineer about their past experience with TensorFlow. Focus on leadership, conflict, or problem-solving. End with a question mark.",Tell me about a project where you used TensorFlow.
Generate a Hard technical interview question for a Frontend Developer about Vue.js. The question should be scenario-based and require deep technical knowledge. End with a question mark.,"Compare Vue.js with its closest alternative in terms of performance, scalability, and developer experience."
Generate a Medium technical interview question for a Backend Developer about Redis. The question should be scenario-based and require deep technical knowledge. End with a question mark.,How would you use Redis to handle rate limiting in a real-world application?
"Generate a Medium system design interview question for a Frontend Developer focusing on Vue.js architecture, scalability, and system trade-offs. End with a question mark.","How would you design a RESTful API using Vue.js that supports 10,000 concurrent users?"
Generate a Hard technical interview question for a Frontend Developer about CSS. The question should be scenario-based and require deep technical knowledge. End with a question mark.,Your job scheduling system is experiencing high latency spikes at 10x normal traffic. How do you use CSS to diagnose and resolve it?
Generate a Medium technical interview question for a Backend Developer about Python. The question should be scenario-based and require deep technical knowledge. End with a question mark.,What are common pitfalls when using Python and how do you avoid them?
Generate a Medium technical interview question for a Backend Developer about Redis. The question should be scenario-based and require deep technical knowledge. End with a question mark.,Users are reporting intermittent failures in a Redis service. How do you reproduce and fix the issue?
"Generate a Hard system design interview question for a Backend Developer focusing on Docker architecture, scalability, and system trade-offs. End with a question mark.",Architect a fault-tolerant URL shortener using Docker. How do you handle failures without data loss?
"Generate a Hard system design interview question for a Frontend Developer focusing on TypeScript architecture, scalability, and system trade-offs. End with a question mark.",Architect a fault-tolerant analytics dashboard using TypeScript. How do you handle failures without data loss?
Generate a Medium technical interview question for a Backend Developer about MongoDB. The question should be scenario-based and require deep technical knowledge. End with a question mark.,A MongoDB application in production is consuming 90% CPU. How do you investigate and resolve this?
"Generate a Hard behavioural interview question for a Devops Engineer about their past experience with Jenkins. Focus on leadership, conflict, or problem-solving. End with a question mark.",Describe a situation where you had to make a critical architectural decision involving Jenkins under tight time pressure.
Generate a Medium technical interview question for a Backend Developer about Django. The question should be scenario-based and require deep technical knowledge. End with a question mark.,A Django application in production is consuming 90% CPU. How do you investigate and resolve this?
"Generate a Medium system design interview question for a Frontend Developer focusing on Vue.js architecture, scalability, and system trade-offs. End with a question mark.",Design a job scheduling system that uses Vue.js for session management. What components would you include?
Generate a Hard technical interview question for a Frontend Developer about Next.js. The question should be scenario-based and require deep technical knowledge. End with a question mark.,"Compare Next.js with its closest alternative in terms of performance, scalability, and developer experience."
Generate a Hard technical interview question for a Data Analyst about Power BI. The question should be scenario-based and require deep technical knowledge. End with a question mark.,Your job scheduling system is experiencing connection pool exhaustion at 10x normal traffic. How do you use Power BI to diagnose and resolve it?
Generate a Easy technical interview question for a Devops Engineer about Linux. The question should be scenario-based and require deep technical knowledge. End with a question mark.,Explain the basic concept of Linux in simple terms.
Generate a Medium technical interview question for a Backend Developer about Python. The question should be scenario-based and require deep technical knowledge. End with a question mark.,How would you use Python to handle authentication at scale in a real-world application?
"Generate a Hard system design interview question for a Devops Engineer focusing on Kubernetes architecture, scalability, and system trade-offs. End with a question mark.",Design a multi-region deployment of Kubernetes for a global application with sub-100ms latency requirements.
Generate a Hard technical interview question for a Full Stack Developer about MongoDB. The question should be scenario-based and require deep technical knowledge. End with a question mark.,A critical deadline is approaching and MongoDB is causing unexpected memory leak. How do you manage the situation?
Generate a Medium technical interview question for a Data Analyst about Pandas. The question should be scenario-based and require deep technical knowledge. End with a question mark.,Your team is migrating an existing system to use Pandas. What is your migration plan?
"Generate a Hard behavioural interview question for a Backend Developer about their past experience with RabbitMQ. Focus on leadership, conflict, or problem-solving. End with a question mark.","Tell me about a time RabbitMQ caused a production incident that affected users. How did you lead the resolution, and what did you change afterwards?"
Generate a Easy technical interview question for a Data Analyst about Python. The question should be scenario-based and require deep technical knowledge. End with a question mark.,How would you use Python to build a simple notification service?
"Generate a Easy system design interview question for a Data Analyst focusing on Power BI architecture, scalability, and system trade-offs. End with a question mark.",Design a simple todo app using Power BI as the core technology.
"Generate a Hard system design interview question for a Full Stack Developer focusing on TypeScript architecture, scalability, and system trade-offs. End with a question mark.",Architect a fault-tolerant e-commerce platform using TypeScript. How do you handle failures without data loss?
Generate a Hard technical interview question for a Ml Engineer about BERT. The question should be scenario-based and require deep technical knowledge. End with a question mark.,"How does BERT ensure fault tolerance at scale, and what are its architectural limitations?"
Generate a Medium technical interview question for a Data Analyst about NumPy. The question should be scenario-based and require deep technical knowledge. End with a question mark.,A NumPy application in production is consuming 90% CPU. How do you investigate and resolve this?
"Generate a Medium system design interview question for a Frontend Developer focusing on Next.js architecture, scalability, and system trade-offs. End with a question mark.","How would you design a RESTful API using Next.js that supports 10,000 concurrent users?"
Generate a Medium technical interview question for a Devops Engineer about Terraform. The question should be scenario-based and require deep technical knowledge. End with a question mark.,Users are reporting intermittent failures in a Terraform service. How do you reproduce and fix the issue?
Generate a Easy technical interview question for a Ml Engineer about MLflow. The question should be scenario-based and require deep technical knowledge. End with a question mark.,Your MLflow application is throwing an unhandled error on startup. What are your first steps?
Generate a Hard technical interview question for a Devops Engineer about CI/CD. The question should be scenario-based and require deep technical knowledge. End with a question mark.,You are the lead engineer on a real-time chat app serving 5 million users. How would you architect CI/CD into the stack?
Generate a Medium technical interview question for a Full Stack Developer about GraphQL. The question should be scenario-based and require deep technical knowledge. End with a question mark.,A memory leak is suspected in your GraphQL application. How do you confirm and eliminate it?
Generate a Medium technical interview question for a Ml Engineer about TensorFlow. The question should be scenario-based and require deep technical knowledge. End with a question mark.,You are building a real-time chat app and need to integrate TensorFlow. Walk me through your approach.
Generate a Medium technical interview question for a Frontend Developer about Next.js. The question should be scenario-based and require deep technical knowledge. End with a question mark.,How does Next.js handle caching invalidation in a production environment?
Generate a Hard technical interview question for a Devops Engineer about Jenkins. The question should be scenario-based and require deep technical knowledge. End with a question mark.,A race condition is occurring in your Jenkins setup under load. Describe your complete debugging and resolution strategy.
Generate a Hard technical interview question for a Backend Developer about RabbitMQ. The question should be scenario-based and require deep technical knowledge. End with a question mark.,"How does RabbitMQ ensure fault tolerance at scale, and what are its architectural limitations?"
Generate a Hard technical interview question for a Frontend Developer about Redux. The question should be scenario-based and require deep technical knowledge. End with a question mark.,A critical deadline is approaching and Redux is causing unexpected cascading timeouts. How do you manage the situation?
Generate a Easy technical interview question for a Devops Engineer about Linux. The question should be scenario-based and require deep technical knowledge. End with a question mark.,A basic Linux function is returning None unexpectedly. How do you debug it?
Generate a Hard technical interview question for a Backend Developer about MongoDB. The question should be scenario-based and require deep technical knowledge. End with a question mark.,A critical deadline is approaching and MongoDB is causing unexpected data corruption. How do you manage the situation?
"Generate a Medium system design interview question for a Frontend Developer focusing on CSS architecture, scalability, and system trade-offs. End with a question mark.",Design the database schema for a real-time chat app that uses CSS as its data layer.
Generate a Medium technical interview question for a Backend Developer about FastAPI. The question should be scenario-based and require deep technical knowledge. End with a question mark.,You are building a analytics dashboard and need to integrate FastAPI. Walk me through your approach.
Generate a Medium technical interview question for a Full Stack Developer about Node.js. The question should be scenario-based and require deep technical knowledge. End with a question mark.,A Node.js application in production is consuming 90% CPU. How do you investigate and resolve this?
Generate a Medium technical interview question for a Ml Engineer about TensorFlow. The question should be scenario-based and require deep technical knowledge. End with a question mark.,A TensorFlow application in production is consuming 90% CPU. How do you investigate and resolve this?
Generate a Medium technical interview question for a Data Analyst about Statistics. The question should be scenario-based and require deep technical knowledge. End with a question mark.,A memory leak is suspected in your Statistics application. How do you confirm and eliminate it?
Generate a Easy technical interview question for a Data Analyst about Pandas. The question should be scenario-based and require deep technical knowledge. End with a question mark.,How would you use Pandas to build a simple analytics dashboard?
Generate a Easy technical interview question for a Frontend Developer about TypeScript. The question should be scenario-based and require deep technical knowledge. End with a question mark.,"If a junior developer asked you to explain TypeScript, what real-world analogy would you use?"
"Generate a Easy behavioural interview question for a Backend Developer about their past experience with Kafka. Focus on leadership, conflict, or problem-solving. End with a question mark.",Describe your experience learning Kafka for the first time.
Generate a Easy technical interview question for a Frontend Developer about Redux. The question should be scenario-based and require deep technical knowledge. End with a question mark.,Your Redux application is throwing an unhandled error on startup. What are your first steps?
Generate a Hard technical interview question for a Data Analyst about Excel. The question should be scenario-based and require deep technical knowledge. End with a question mark.,What are the internal memory management strategies used by Excel?
"Generate a Medium behavioural interview question for a Frontend Developer about their past experience with Next.js. Focus on leadership, conflict, or problem-solving. End with a question mark.",Tell me about a time you had to convince your team to adopt Next.js. How did you make the case?
Generate a Medium technical interview question for a Backend Developer about Docker. The question should be scenario-based and require deep technical knowledge. End with a question mark.,A Docker application in production is consuming 90% CPU. How do you investigate and resolve this?
Generate a Hard technical interview question for a Ml Engineer about MLflow. The question should be scenario-based and require deep technical knowledge. End with a question mark.,A critical deadline is approaching and MLflow is causing unexpected cascading timeouts. How do you manage the situation?
"Generate a Hard behavioural interview question for a Frontend Developer about their past experience with JavaScript. Focus on leadership, conflict, or problem-solving. End with a question mark.","Tell me about a time JavaScript caused a production incident that affected users. How did you lead the resolution, and what did you change afterwards?"
Generate a Easy technical interview question for a Ml Engineer about Model Deployment. The question should be scenario-based and require deep technical knowledge. End with a question mark.,A basic Model Deployment function is returning None unexpectedly. How do you debug it?
"Generate a Hard system design interview question for a Frontend Developer focusing on Redux architecture, scalability, and system trade-offs. End with a question mark.",Architect a fault-tolerant analytics dashboard using Redux. How do you handle failures without data loss?
Generate a Easy technical interview question for a Backend Developer about REST API. The question should be scenario-based and require deep technical knowledge. End with a question mark.,A basic REST API function is returning None unexpectedly. How do you debug it?
Generate a Easy technical interview question for a Backend Developer about RabbitMQ. The question should be scenario-based and require deep technical knowledge. End with a question mark.,Explain the basic concept of RabbitMQ in simple terms.
"Generate a Medium behavioural interview question for a Frontend Developer about their past experience with TypeScript. Focus on leadership, conflict, or problem-solving. End with a question mark.",Describe a challenging bug you solved using TypeScript. What was your thought process?
Generate a Medium technical interview question for a Devops Engineer about CI/CD. The question should be scenario-based and require deep technical knowledge. End with a question mark.,You are building a job scheduling system and need to integrate CI/CD. Walk me through your approach.
Generate a Hard technical interview question for a Backend Developer about Django. The question should be scenario-based and require deep technical knowledge. End with a question mark.,Your e-commerce platform is experiencing memory leak at 10x normal traffic. How do you use Django to diagnose and resolve it?
Generate a Hard technical interview question for a Data Analyst about Pandas. The question should be scenario-based and require deep technical knowledge. End with a question mark.,"A deadlock is occurring in your Pandas database layer during peak traffic. How do you detect, resolve, and prevent this?"
Generate a Easy technical interview question for a Data Analyst about Statistics. The question should be scenario-based and require deep technical knowledge. End with a question mark.,How would you use Statistics to build a simple notification service?
Generate a Hard technical interview question for a Ml Engineer about Feature Engineering. The question should be scenario-based and require deep technical knowledge. End with a question mark.,"How does Feature Engineering ensure low read latency at scale, and what are its architectural limitations?"
"Generate a Hard behavioural interview question for a Backend Developer about their past experience with Node.js. Focus on leadership, conflict, or problem-solving. End with a question mark.","Tell me about a time Node.js caused a production incident that affected users. How did you lead the resolution, and what did you change afterwards?"
Generate a Hard technical interview question for a Backend Developer about RabbitMQ. The question should be scenario-based and require deep technical knowledge. End with a question mark.,Your notification service is experiencing cascading timeouts at 10x normal traffic. How do you use RabbitMQ to diagnose and resolve it?
Generate a Medium technical interview question for a Frontend Developer about CSS. The question should be scenario-based and require deep technical knowledge. End with a question mark.,Explain how CSS works under the hood.
"Generate a Medium system design interview question for a Frontend Developer focusing on JavaScript architecture, scalability, and system trade-offs. End with a question mark.",Design a job scheduling system that uses JavaScript for full-text search. What components would you include?
Generate a Hard technical interview question for a Ml Engineer about MLflow. The question should be scenario-based and require deep technical knowledge. End with a question mark.,"Compare MLflow with its closest alternative in terms of performance, scalability, and developer experience."
"Generate a Easy system design interview question for a Ml Engineer focusing on BERT architecture, scalability, and system trade-offs. End with a question mark.",How would you structure a basic project using BERT?
"Generate a Easy system design interview question for a Backend Developer focusing on Kafka architecture, scalability, and system trade-offs. End with a question mark.",Design a simple todo app using Kafka as the core technology.
Generate a Hard technical interview question for a Backend Developer about Python. The question should be scenario-based and require deep technical knowledge. End with a question mark.,You are the lead engineer on a notification service serving 5 million users. How would you architect Python into the stack?
"Generate a Hard behavioural interview question for a Ml Engineer about their past experience with MLflow. Focus on leadership, conflict, or problem-solving. End with a question mark.",Describe a situation where you had to make a critical architectural decision involving MLflow under tight time pressure.
"Generate a Medium behavioural interview question for a Frontend Developer about their past experience with Vue.js. Focus on leadership, conflict, or problem-solving. End with a question mark.",Tell me about a time you had to convince your team to adopt Vue.js. How did you make the case?
Generate a Medium technical interview question for a Data Analyst about Pandas. The question should be scenario-based and require deep technical knowledge. End with a question mark.,How does Pandas handle high concurrency in a production environment?
Generate a Easy technical interview question for a Frontend Developer about Webpack. The question should be scenario-based and require deep technical knowledge. End with a question mark.,You are starting a new Frontend Developer project. Why would you choose Webpack?
Generate a Easy technical interview question for a Backend Developer about FastAPI. The question should be scenario-based and require deep technical knowledge. End with a question mark.,What are the main features of FastAPI?
"Generate a Hard behavioural interview question for a Backend Developer about their past experience with MongoDB. Focus on leadership, conflict, or problem-solving. End with a question mark.","Tell me about a time MongoDB caused a production incident that affected users. How did you lead the resolution, and what did you change afterwards?"
"Generate a Medium system design interview question for a Backend Developer focusing on MongoDB architecture, scalability, and system trade-offs. End with a question mark.","How would you design a RESTful API using MongoDB that supports 10,000 concurrent users?"
"Generate a Hard behavioural interview question for a Frontend Developer about their past experience with React. Focus on leadership, conflict, or problem-solving. End with a question mark.",Describe a situation where you had to make a critical architectural decision involving React under tight time pressure.
Generate a Hard technical interview question for a Frontend Developer about React. The question should be scenario-based and require deep technical knowledge. End with a question mark.,"A deadlock is occurring in your React database layer during peak traffic. How do you detect, resolve, and prevent this?"
"Generate a Medium behavioural interview question for a Devops Engineer about their past experience with Ansible. Focus on leadership, conflict, or problem-solving. End with a question mark.",Describe a challenging bug you solved using Ansible. What was your thought process?
Generate a Hard technical interview question for a Ml Engineer about Feature Engineering. The question should be scenario-based and require deep technical knowledge. End with a question mark.,Your real-time chat app is experiencing connection pool exhaustion at 10x normal traffic. How do you use Feature Engineering to diagnose and resolve it?
Generate a Hard technical interview question for a Backend Developer about RabbitMQ. The question should be scenario-based and require deep technical knowledge. End with a question mark.,What are the internal memory management strategies used by RabbitMQ?
"Generate a Hard system design interview question for a Data Analyst focusing on SQL architecture, scalability, and system trade-offs. End with a question mark.",Architect a fault-tolerant real-time chat app using SQL. How do you handle failures without data loss?
"Generate a Easy system design interview question for a Devops Engineer focusing on Ansible architecture, scalability, and system trade-offs. End with a question mark.",How would you structure a basic project using Ansible?
"Generate a Easy behavioural interview question for a Full Stack Developer about their past experience with GraphQL. Focus on leadership, conflict, or problem-solving. End with a question mark.",Tell me about a project where you used GraphQL.
Generate a Medium technical interview question for a Ml Engineer about Model Deployment. The question should be scenario-based and require deep technical knowledge. End with a question mark.,Users are reporting intermittent failures in a Model Deployment service. How do you reproduce and fix the issue?
"Generate a Easy system design interview question for a Devops Engineer focusing on Kubernetes architecture, scalability, and system trade-offs. End with a question mark.",How would you structure a basic project using Kubernetes?
Generate a Medium technical interview question for a Backend Developer about Django. The question should be scenario-based and require deep technical knowledge. End with a question mark.,A memory leak is suspected in your Django application. How do you confirm and eliminate it?
"Generate a Easy system design interview question for a Backend Developer focusing on Django architecture, scalability, and system trade-offs. End with a question mark.",Design a simple todo app using Django as the core technology.
Generate a Hard technical interview question for a Data Analyst about Statistics. The question should be scenario-based and require deep technical knowledge. End with a question mark.,A race condition is occurring in your Statistics setup under load. Describe your complete debugging and resolution strategy.
"Generate a Hard system design interview question for a Full Stack Developer focusing on MongoDB architecture, scalability, and system trade-offs. End with a question mark.",Design a multi-region deployment of MongoDB for a global application with sub-100ms latency requirements.
Generate a Easy technical interview question for a Backend Developer about Python. The question should be scenario-based and require deep technical knowledge. End with a question mark.,A basic Python function is returning None unexpectedly. How do you debug it?
Generate a Easy technical interview question for a Data Analyst about Statistics. The question should be scenario-based and require deep technical knowledge. End with a question mark.,"If a junior developer asked you to explain Statistics, what real-world analogy would you use?"
Generate a Hard technical interview question for a Data Analyst about NumPy. The question should be scenario-based and require deep technical knowledge. End with a question mark.,"How does NumPy ensure eventual consistency at scale, and what are its architectural limitations?"
"Generate a Medium behavioural interview question for a Frontend Developer about their past experience with JavaScript. Focus on leadership, conflict, or problem-solving. End with a question mark.",Tell me about a time you had to convince your team to adopt JavaScript. How did you make the case?
Generate a Easy technical interview question for a Backend Developer about RabbitMQ. The question should be scenario-based and require deep technical knowledge. End with a question mark.,What are the main features of RabbitMQ?
Generate a Medium technical interview question for a Backend Developer about RabbitMQ. The question should be scenario-based and require deep technical knowledge. End with a question mark.,Your team is migrating an existing system to use RabbitMQ. What is your migration plan?
Generate a Easy technical interview question for a Devops Engineer about Terraform. The question should be scenario-based and require deep technical knowledge. End with a question mark.,Your Terraform application is throwing an unhandled error on startup. What are your first steps?
Generate a Medium technical interview question for a Devops Engineer about Terraform. The question should be scenario-based and require deep technical knowledge. End with a question mark.,Your team is migrating an existing system to use Terraform. What is your migration plan?
Generate a Easy technical interview question for a Devops Engineer about Kubernetes. The question should be scenario-based and require deep technical knowledge. End with a question mark.,Explain the basic concept of Kubernetes in simple terms.
Generate a Hard technical interview question for a Frontend Developer about React. The question should be scenario-based and require deep technical knowledge. End with a question mark.,You are the lead engineer on a URL shortener serving 5 million users. How would you architect React into the stack?
"Generate a Easy system design interview question for a Data Analyst focusing on Pandas architecture, scalability, and system trade-offs. End with a question mark.",How would you structure a basic project using Pandas?
Generate a Medium technical interview question for a Frontend Developer about React. The question should be scenario-based and require deep technical knowledge. End with a question mark.,Explain how React works under the hood.
Generate a Easy technical interview question for a Full Stack Developer about React. The question should be scenario-based and require deep technical knowledge. End with a question mark.,"If a junior developer asked you to explain React, what real-world analogy would you use?"
Generate a Easy technical interview question for a Devops Engineer about Linux. The question should be scenario-based and require deep technical knowledge. End with a question mark.,What are the main features of Linux?
"Generate a Easy system design interview question for a Frontend Developer focusing on HTML5 architecture, scalability, and system trade-offs. End with a question mark.",Design a simple todo app using HTML5 as the core technology.
Generate a Hard technical interview question for a Backend Developer about MongoDB. The question should be scenario-based and require deep technical knowledge. End with a question mark.,What are the internal memory management strategies used by MongoDB?
"Generate a Medium system design interview question for a Ml Engineer focusing on Feature Engineering architecture, scalability, and system trade-offs. End with a question mark.",Design a URL shortener that uses Feature Engineering for audit logging. What components would you include?
Generate a Hard technical interview question for a Ml Engineer about scikit-learn. The question should be scenario-based and require deep technical knowledge. End with a question mark.,Your scikit-learn deployment is experiencing cascading failures across microservices. How do you isolate the root cause?
Generate a Hard technical interview question for a Full Stack Developer about Next.js. The question should be scenario-based and require deep technical knowledge. End with a question mark.,A critical deadline is approaching and Next.js is causing unexpected high latency spikes. How do you manage the situation?
Generate a Hard technical interview question for a Backend Developer about Docker. The question should be scenario-based and require deep technical knowledge. End with a question mark.,What are the internal memory management strategies used by Docker?
Generate a Hard technical interview question for a Data Analyst about Statistics. The question should be scenario-based and require deep technical knowledge. End with a question mark.,What are the internal memory management strategies used by Statistics?
"Generate a Easy system design interview question for a Ml Engineer focusing on Model Deployment architecture, scalability, and system trade-offs. End with a question mark.",How would you structure a basic project using Model Deployment?
Generate a Medium technical interview question for a Frontend Developer about Webpack. The question should be scenario-based and require deep technical knowledge. End with a question mark.,What are common pitfalls when using Webpack and how do you avoid them?
Generate a Hard technical interview question for a Devops Engineer about Linux. The question should be scenario-based and require deep technical knowledge. End with a question mark.,A race condition is occurring in your Linux setup under load. Describe your complete debugging and resolution strategy.
"Generate a Easy behavioural interview question for a Ml Engineer about their past experience with PyTorch. Focus on leadership, conflict, or problem-solving. End with a question mark.",Describe your experience learning PyTorch for the first time.
"Generate a Hard behavioural interview question for a Frontend Developer about their past experience with TypeScript. Focus on leadership, conflict, or problem-solving. End with a question mark.",Describe a situation where you had to make a critical architectural decision involving TypeScript under tight time pressure.
Generate a Hard technical interview question for a Devops Engineer about Linux. The question should be scenario-based and require deep technical knowledge. End with a question mark.,Your URL shortener is experiencing memory leak at 10x normal traffic. How do you use Linux to diagnose and resolve it?
Generate a Easy technical interview question for a Data Analyst about Power BI. The question should be scenario-based and require deep technical knowledge. End with a question mark.,A basic Power BI function is returning None unexpectedly. How do you debug it?
"Generate a Easy behavioural interview question for a Data Analyst about their past experience with Excel. Focus on leadership, conflict, or problem-solving. End with a question mark.",Tell me about a project where you used Excel.
Generate a Hard technical interview question for a Backend Developer about RabbitMQ. The question should be scenario-based and require deep technical knowledge. End with a question mark.,"A deadlock is occurring in your RabbitMQ database layer during peak traffic. How do you detect, resolve, and prevent this?"
"Generate a Hard system design interview question for a Backend Developer focusing on FastAPI architecture, scalability, and system trade-offs. End with a question mark.",Architect a fault-tolerant job scheduling system using FastAPI. How do you handle failures without data loss?
"Generate a Medium system design interview question for a Data Analyst focusing on NumPy architecture, scalability, and system trade-offs. End with a question mark.",Design the database schema for a real-time chat app that uses NumPy as its data layer.
Generate a Hard technical interview question for a Frontend Developer about Webpack. The question should be scenario-based and require deep technical knowledge. End with a question mark.,What are the internal memory management strategies used by Webpack?
Generate a Easy technical interview question for a Data Analyst about NumPy. The question should be scenario-based and require deep technical knowledge. End with a question mark.,Explain the basic concept of NumPy in simple terms.
"Generate a Hard system design interview question for a Ml Engineer focusing on scikit-learn architecture, scalability, and system trade-offs. End with a question mark.",Design a highly scalable URL shortener using scikit-learn that handles 1 million events per second.
Generate a Easy technical interview question for a Data Analyst about NumPy. The question should be scenario-based and require deep technical knowledge. End with a question mark.,You are starting a new Data Analyst project. Why would you choose NumPy?
Generate a Hard technical interview question for a Backend Developer about PostgreSQL. The question should be scenario-based and require deep technical knowledge. End with a question mark.,"How does PostgreSQL ensure fault tolerance at scale, and what are its architectural limitations?"
"Generate a Hard system design interview question for a Full Stack Developer focusing on GraphQL architecture, scalability, and system trade-offs. End with a question mark.",Design a multi-region deployment of GraphQL for a global application with sub-100ms latency requirements.
Generate a Medium technical interview question for a Backend Developer about REST API. The question should be scenario-based and require deep technical knowledge. End with a question mark.,A REST API application in production is consuming 90% CPU. How do you investigate and resolve this?
Generate a Easy technical interview question for a Data Analyst about NumPy. The question should be scenario-based and require deep technical knowledge. End with a question mark.,A basic NumPy function is returning None unexpectedly. How do you debug it?
Generate a Easy technical interview question for a Frontend Developer about JavaScript. The question should be scenario-based and require deep technical knowledge. End with a question mark.,What are the main features of JavaScript?
"Generate a Hard behavioural interview question for a Backend Developer about their past experience with REST API. Focus on leadership, conflict, or problem-solving. End with a question mark.","Tell me about a time REST API caused a production incident that affected users. How did you lead the resolution, and what did you change afterwards?"
"Generate a Easy behavioural interview question for a Backend Developer about their past experience with Django. Focus on leadership, conflict, or problem-solving. End with a question mark.",Describe your experience learning Django for the first time.
"Generate a Medium behavioural interview question for a Backend Developer about their past experience with Kafka. Focus on leadership, conflict, or problem-solving. End with a question mark.",Describe a challenging bug you solved using Kafka. What was your thought process?
Generate a Hard technical interview question for a Ml Engineer about MLflow. The question should be scenario-based and require deep technical knowledge. End with a question mark.,You are the lead engineer on a e-commerce platform serving 5 million users. How would you architect MLflow into the stack?
"Generate a Easy system design interview question for a Ml Engineer focusing on MLflow architecture, scalability, and system trade-offs. End with a question mark.",How would you structure a basic project using MLflow?
Generate a Medium technical interview question for a Ml Engineer about Feature Engineering. The question should be scenario-based and require deep technical knowledge. End with a question mark.,How would you use Feature Engineering to handle caching invalidation in a real-world application?
"Generate a Hard system design interview question for a Data Analyst focusing on Excel architecture, scalability, and system trade-offs. End with a question mark.",Design a multi-region deployment of Excel for a global application with sub-100ms latency requirements.
"Generate a Medium system design interview question for a Backend Developer focusing on Redis architecture, scalability, and system trade-offs. End with a question mark.",Design the database schema for a real-time chat app that uses Redis as its data layer.
"Generate a Easy behavioural interview question for a Devops Engineer about their past experience with Kubernetes. Focus on leadership, conflict, or problem-solving. End with a question mark.",Tell me about a project where you used Kubernetes.
"Generate a Medium behavioural interview question for a Frontend Developer about their past experience with Webpack. Focus on leadership, conflict, or problem-solving. End with a question mark.",Describe a challenging bug you solved using Webpack. What was your thought process?
Generate a Easy technical interview question for a Ml Engineer about scikit-learn. The question should be scenario-based and require deep technical knowledge. End with a question mark.,"If a junior developer asked you to explain scikit-learn, what real-world analogy would you use?"
Generate a Hard technical interview question for a Frontend Developer about CSS. The question should be scenario-based and require deep technical knowledge. End with a question mark.,"Compare CSS with its closest alternative in terms of performance, scalability, and developer experience."
"Generate a Easy system design interview question for a Ml Engineer focusing on scikit-learn architecture, scalability, and system trade-offs. End with a question mark.",Design a simple todo app using scikit-learn as the core technology.
Generate a Medium technical interview question for a Data Analyst about Statistics. The question should be scenario-based and require deep technical knowledge. End with a question mark.,How would you use Statistics to handle high concurrency in a real-world application?
Generate a Medium technical interview question for a Devops Engineer about Docker. The question should be scenario-based and require deep technical knowledge. End with a question mark.,You are building a e-commerce platform and need to integrate Docker. Walk me through your approach.
"Generate a Medium behavioural interview question for a Ml Engineer about their past experience with PyTorch. Focus on leadership, conflict, or problem-solving. End with a question mark.",Describe a challenging bug you solved using PyTorch. What was your thought process?
Generate a Hard technical interview question for a Devops Engineer about AWS. The question should be scenario-based and require deep technical knowledge. End with a question mark.,You are the lead engineer on a URL shortener serving 5 million users. How would you architect AWS into the stack?
Generate a Easy technical interview question for a Backend Developer about PostgreSQL. The question should be scenario-based and require deep technical knowledge. End with a question mark.,Define PostgreSQL and its primary use case.
Generate a Medium technical interview question for a Data Analyst about NumPy. The question should be scenario-based and require deep technical knowledge. End with a question mark.,A memory leak is suspected in your NumPy application. How do you confirm and eliminate it?
"Generate a Medium system design interview question for a Data Analyst focusing on Python architecture, scalability, and system trade-offs. End with a question mark.",Design a e-commerce platform that uses Python for message queuing. What components would you include?
Generate a Medium technical interview question for a Backend Developer about Python. The question should be scenario-based and require deep technical knowledge. End with a question mark.,A memory leak is suspected in your Python application. How do you confirm and eliminate it?
Generate a Hard technical interview question for a Devops Engineer about Terraform. The question should be scenario-based and require deep technical knowledge. End with a question mark.,A critical deadline is approaching and Terraform is causing unexpected memory leak. How do you manage the situation?
"Generate a Easy system design interview question for a Data Analyst focusing on Tableau architecture, scalability, and system trade-offs. End with a question mark.",How would you structure a basic project using Tableau?
Generate a Easy technical interview question for a Ml Engineer about scikit-learn. The question should be scenario-based and require deep technical knowledge. End with a question mark.,Explain the basic concept of scikit-learn in simple terms.
Generate a Easy technical interview question for a Frontend Developer about React. The question should be scenario-based and require deep technical knowledge. End with a question mark.,You are starting a new Frontend Developer project. Why would you choose React?
Generate a Hard technical interview question for a Backend Developer about Node.js. The question should be scenario-based and require deep technical knowledge. End with a question mark.,You are the lead engineer on a e-commerce platform serving 5 million users. How would you architect Node.js into the stack?
Generate a Hard technical interview question for a Frontend Developer about TypeScript. The question should be scenario-based and require deep technical knowledge. End with a question mark.,A critical deadline is approaching and TypeScript is causing unexpected memory leak. How do you manage the situation?
Generate a Medium technical interview question for a Data Analyst about NumPy. The question should be scenario-based and require deep technical knowledge. End with a question mark.,How does NumPy handle caching invalidation in a production environment?
"Generate a Medium behavioural interview question for a Data Analyst about their past experience with Statistics. Focus on leadership, conflict, or problem-solving. End with a question mark.",Tell me about a time you had to convince your team to adopt Statistics. How did you make the case?
Generate a Easy technical interview question for a Ml Engineer about TensorFlow. The question should be scenario-based and require deep technical knowledge. End with a question mark.,What are the main features of TensorFlow?
Generate a Hard technical interview question for a Devops Engineer about Jenkins. The question should be scenario-based and require deep technical knowledge. End with a question mark.,You are the lead engineer on a URL shortener serving 5 million users. How would you architect Jenkins into the stack?
Generate a Hard technical interview question for a Devops Engineer about Ansible. The question should be scenario-based and require deep technical knowledge. End with a question mark.,"Compare Ansible with its closest alternative in terms of performance, scalability, and developer experience."
Generate a Hard technical interview question for a Devops Engineer about Ansible. The question should be scenario-based and require deep technical knowledge. End with a question mark.,You are the lead engineer on a notification service serving 5 million users. How would you architect Ansible into the stack?
"Generate a Easy system design interview question for a Data Analyst focusing on Power BI architecture, scalability, and system trade-offs. End with a question mark.",How would you structure a basic project using Power BI?
Generate a Easy technical interview question for a Ml Engineer about PyTorch. The question should be scenario-based and require deep technical knowledge. End with a question mark.,What are the main features of PyTorch?
Generate a Easy technical interview question for a Backend Developer about Python. The question should be scenario-based and require deep technical knowledge. End with a question mark.,Define Python and its primary use case.
"Generate a Medium behavioural interview question for a Full Stack Developer about their past experience with GraphQL. Focus on leadership, conflict, or problem-solving. End with a question mark.",Tell me about a time you had to convince your team to adopt GraphQL. How did you make the case?
Generate a Hard technical interview question for a Ml Engineer about PyTorch. The question should be scenario-based and require deep technical knowledge. End with a question mark.,"How does PyTorch ensure fault tolerance at scale, and what are its architectural limitations?"
"Generate a Medium system design interview question for a Full Stack Developer focusing on GraphQL architecture, scalability, and system trade-offs. End with a question mark.","How would you design a RESTful API using GraphQL that supports 10,000 concurrent users?"
"Generate a Medium system design interview question for a Backend Developer focusing on Docker architecture, scalability, and system trade-offs. End with a question mark.","How would you design a RESTful API using Docker that supports 10,000 concurrent users?"
Generate a Easy technical interview question for a Devops Engineer about CI/CD. The question should be scenario-based and require deep technical knowledge. End with a question mark.,Your CI/CD application is throwing an unhandled error on startup. What are your first steps?
Generate a Hard technical interview question for a Data Analyst about NumPy. The question should be scenario-based and require deep technical knowledge. End with a question mark.,What are the internal memory management strategies used by NumPy?
Generate a Easy technical interview question for a Devops Engineer about Kubernetes. The question should be scenario-based and require deep technical knowledge. End with a question mark.,Your Kubernetes application is throwing an unhandled error on startup. What are your first steps?
Generate a Easy technical interview question for a Ml Engineer about BERT. The question should be scenario-based and require deep technical knowledge. End with a question mark.,Your BERT application is throwing an unhandled error on startup. What are your first steps?
"Generate a Hard behavioural interview question for a Frontend Developer about their past experience with HTML5. Focus on leadership, conflict, or problem-solving. End with a question mark.",Describe a situation where you had to make a critical architectural decision involving HTML5 under tight time pressure.
"Generate a Medium system design interview question for a Ml Engineer focusing on TensorFlow architecture, scalability, and system trade-offs. End with a question mark.",Design a notification service that uses TensorFlow for audit logging. What components would you include?
Generate a Hard technical interview question for a Data Analyst about Statistics. The question should be scenario-based and require deep technical knowledge. End with a question mark.,"Compare Statistics with its closest alternative in terms of performance, scalability, and developer experience."
Generate a Hard technical interview question for a Backend Developer about Python. The question should be scenario-based and require deep technical knowledge. End with a question mark.,"A deadlock is occurring in your Python database layer during peak traffic. How do you detect, resolve, and prevent this?"
Generate a Easy technical interview question for a Devops Engineer about AWS. The question should be scenario-based and require deep technical knowledge. End with a question mark.,What are the main features of AWS?
"Generate a Hard behavioural interview question for a Ml Engineer about their past experience with TensorFlow. Focus on leadership, conflict, or problem-solving. End with a question mark.",Describe a situation where you had to make a critical architectural decision involving TensorFlow under tight time pressure.
Generate a Medium technical interview question for a Frontend Developer about Next.js. The question should be scenario-based and require deep technical knowledge. End with a question mark.,Your team is migrating an existing system to use Next.js. What is your migration plan?
Generate a Medium technical interview question for a Devops Engineer about Linux. The question should be scenario-based and require deep technical knowledge. End with a question mark.,Your team is migrating an existing system to use Linux. What is your migration plan?
Generate a Hard technical interview question for a Full Stack Developer about Docker. The question should be scenario-based and require deep technical knowledge. End with a question mark.,A race condition is occurring in your Docker setup under load. Describe your complete debugging and resolution strategy.
Generate a Medium technical interview question for a Data Analyst about Power BI. The question should be scenario-based and require deep technical knowledge. End with a question mark.,Explain how Power BI works under the hood.
Generate a Medium technical interview question for a Backend Developer about MongoDB. The question should be scenario-based and require deep technical knowledge. End with a question mark.,What are common pitfalls when using MongoDB and how do you avoid them?
"Generate a Medium system design interview question for a Ml Engineer focusing on MLflow architecture, scalability, and system trade-offs. End with a question mark.",Design a job scheduling system that uses MLflow for session management. What components would you include?
Generate a Medium technical interview question for a Ml Engineer about MLflow. The question should be scenario-based and require deep technical knowledge. End with a question mark.,How would you use MLflow to handle high concurrency in a real-world application?
"Generate a Medium behavioural interview question for a Ml Engineer about their past experience with BERT. Focus on leadership, conflict, or problem-solving. End with a question mark.",Describe a challenging bug you solved using BERT. What was your thought process?
Generate a Medium technical interview question for a Backend Developer about FastAPI. The question should be scenario-based and require deep technical knowledge. End with a question mark.,A FastAPI application in production is consuming 90% CPU. How do you investigate and resolve this?
Generate a Medium technical interview question for a Ml Engineer about TensorFlow. The question should be scenario-based and require deep technical knowledge. End with a question mark.,Users are reporting intermittent failures in a TensorFlow service. How do you reproduce and fix the issue?
Generate a Medium technical interview question for a Ml Engineer about scikit-learn. The question should be scenario-based and require deep technical knowledge. End with a question mark.,You are building a URL shortener and need to integrate scikit-learn. Walk me through your approach.
Generate a Easy technical interview question for a Data Analyst about SQL. The question should be scenario-based and require deep technical knowledge. End with a question mark.,You are starting a new Data Analyst project. Why would you choose SQL?
"Generate a Medium system design interview question for a Devops Engineer focusing on AWS architecture, scalability, and system trade-offs. End with a question mark.",Design a notification service that uses AWS for caching. What components would you include?
Generate a Medium technical interview question for a Data Analyst about Power BI. The question should be scenario-based and require deep technical knowledge. End with a question mark.,Users are reporting intermittent failures in a Power BI service. How do you reproduce and fix the issue?
Generate a Medium technical interview question for a Ml Engineer about scikit-learn. The question should be scenario-based and require deep technical knowledge. End with a question mark.,How does scikit-learn handle rate limiting in a production environment?
Generate a Medium technical interview question for a Frontend Developer about HTML5. The question should be scenario-based and require deep technical knowledge. End with a question mark.,Users are reporting intermittent failures in a HTML5 service. How do you reproduce and fix the issue?
Generate a Easy technical interview question for a Devops Engineer about Jenkins. The question should be scenario-based and require deep technical knowledge. End with a question mark.,"If a junior developer asked you to explain Jenkins, what real-world analogy would you use?"
"Generate a Easy behavioural interview question for a Data Analyst about their past experience with Tableau. Focus on leadership, conflict, or problem-solving. End with a question mark.",Tell me about a project where you used Tableau.
Generate a Easy technical interview question for a Backend Developer about Kafka. The question should be scenario-based and require deep technical knowledge. End with a question mark.,"If a junior developer asked you to explain Kafka, what real-world analogy would you use?"
"Generate a Easy system design interview question for a Frontend Developer focusing on Next.js architecture, scalability, and system trade-offs. End with a question mark.",How would you structure a basic project using Next.js?
Generate a Easy technical interview question for a Backend Developer about Python. The question should be scenario-based and require deep technical knowledge. End with a question mark.,You are starting a new Backend Developer project. Why would you choose Python?
Generate a Medium technical interview question for a Frontend Developer about Redux. The question should be scenario-based and require deep technical knowledge. End with a question mark.,Your team is migrating an existing system to use Redux. What is your migration plan?
Generate a Easy technical interview question for a Backend Developer about RabbitMQ. The question should be scenario-based and require deep technical knowledge. End with a question mark.,"If a junior developer asked you to explain RabbitMQ, what real-world analogy would you use?"
Generate a Easy technical interview question for a Full Stack Developer about GraphQL. The question should be scenario-based and require deep technical knowledge. End with a question mark.,How would you use GraphQL to build a simple job scheduling system?
Generate a Hard technical interview question for a Devops Engineer about Kubernetes. The question should be scenario-based and require deep technical knowledge. End with a question mark.,"A deadlock is occurring in your Kubernetes database layer during peak traffic. How do you detect, resolve, and prevent this?"
"Generate a Hard system design interview question for a Data Analyst focusing on Python architecture, scalability, and system trade-offs. End with a question mark.",Design a highly scalable notification service using Python that handles 1 million events per second.
Generate a Hard technical interview question for a Frontend Developer about Next.js. The question should be scenario-based and require deep technical knowledge. End with a question mark.,What are the internal memory management strategies used by Next.js?
Generate a Medium technical interview question for a Devops Engineer about AWS. The question should be scenario-based and require deep technical knowledge. End with a question mark.,Explain how AWS works under the hood.
Generate a Hard technical interview question for a Ml Engineer about MLflow. The question should be scenario-based and require deep technical knowledge. End with a question mark.,"A deadlock is occurring in your MLflow database layer during peak traffic. How do you detect, resolve, and prevent this?"
"Generate a Easy behavioural interview question for a Backend Developer about their past experience with PostgreSQL. Focus on leadership, conflict, or problem-solving. End with a question mark.",Tell me about a project where you used PostgreSQL.
Generate a Medium technical interview question for a Data Analyst about Excel. The question should be scenario-based and require deep technical knowledge. End with a question mark.,How would you use Excel to handle high concurrency in a real-world application?
Generate a Easy technical interview question for a Devops Engineer about Kubernetes. The question should be scenario-based and require deep technical knowledge. End with a question mark.,"If a junior developer asked you to explain Kubernetes, what real-world analogy would you use?"
Generate a Medium technical interview question for a Ml Engineer about PyTorch. The question should be scenario-based and require deep technical knowledge. End with a question mark.,What are the trade-offs of using PyTorch over alternatives?
"Generate a Medium behavioural interview question for a Backend Developer about their past experience with PostgreSQL. Focus on leadership, conflict, or problem-solving. End with a question mark.",Describe a challenging bug you solved using PostgreSQL. What was your thought process?
"Generate a Hard system design interview question for a Ml Engineer focusing on Python architecture, scalability, and system trade-offs. End with a question mark.",Design a highly scalable analytics dashboard using Python that handles 1 million events per second.
Generate a Easy technical interview question for a Devops Engineer about Docker. The question should be scenario-based and require deep technical knowledge. End with a question mark.,How would you use Docker to build a simple analytics dashboard?
Generate a Easy technical interview question for a Backend Developer about Node.js. The question should be scenario-based and require deep technical knowledge. End with a question mark.,Your Node.js application is throwing an unhandled error on startup. What are your first steps?
"Generate a Hard behavioural interview question for a Frontend Developer about their past experience with React. Focus on leadership, conflict, or problem-solving. End with a question mark.","Tell me about a time React caused a production incident that affected users. How did you lead the resolution, and what did you change afterwards?"
Generate a Easy technical interview question for a Frontend Developer about React. The question should be scenario-based and require deep technical knowledge. End with a question mark.,Your React application is throwing an unhandled error on startup. What are your first steps?
"Generate a Hard behavioural interview question for a Backend Developer about their past experience with Redis. Focus on leadership, conflict, or problem-solving. End with a question mark.",Describe a situation where you had to make a critical architectural decision involving Redis under tight time pressure.
"Generate a Easy system design interview question for a Backend Developer focusing on Redis architecture, scalability, and system trade-offs. End with a question mark.",How would you structure a basic project using Redis?
Generate a Medium technical interview question for a Frontend Developer about CSS. The question should be scenario-based and require deep technical knowledge. End with a question mark.,How would you use CSS to handle rate limiting in a real-world application?
Generate a Medium technical interview question for a Data Analyst about Statistics. The question should be scenario-based and require deep technical knowledge. End with a question mark.,A Statistics application in production is consuming 90% CPU. How do you investigate and resolve this?
Generate a Hard technical interview question for a Full Stack Developer about React. The question should be scenario-based and require deep technical knowledge. End with a question mark.,You are the lead engineer on a job scheduling system serving 5 million users. How would you architect React into the stack?
Generate a Hard technical interview question for a Devops Engineer about Docker. The question should be scenario-based and require deep technical knowledge. End with a question mark.,A critical deadline is approaching and Docker is causing unexpected memory leak. How do you manage the situation?
Generate a Medium technical interview question for a Devops Engineer about CI/CD. The question should be scenario-based and require deep technical knowledge. End with a question mark.,How would you use CI/CD to handle caching invalidation in a real-world application?
Generate a Easy technical interview question for a Ml Engineer about scikit-learn. The question should be scenario-based and require deep technical knowledge. End with a question mark.,How would you use scikit-learn to build a simple real-time chat app?
"Generate a Hard system design interview question for a Data Analyst focusing on NumPy architecture, scalability, and system trade-offs. End with a question mark.",Architect a fault-tolerant e-commerce platform using NumPy. How do you handle failures without data loss?
"Generate a Hard system design interview question for a Devops Engineer focusing on Kubernetes architecture, scalability, and system trade-offs. End with a question mark.",Architect a fault-tolerant real-time chat app using Kubernetes. How do you handle failures without data loss?
"Generate a Medium system design interview question for a Full Stack Developer focusing on React architecture, scalability, and system trade-offs. End with a question mark.",Design a job scheduling system that uses React for session management. What components would you include?
"Generate a Medium behavioural interview question for a Frontend Developer about their past experience with CSS. Focus on leadership, conflict, or problem-solving. End with a question mark.",Tell me about a time you had to convince your team to adopt CSS. How did you make the case?
"Generate a Hard behavioural interview question for a Ml Engineer about their past experience with PyTorch. Focus on leadership, conflict, or problem-solving. End with a question mark.","Tell me about a time PyTorch caused a production incident that affected users. How did you lead the resolution, and what did you change afterwards?"
Generate a Hard technical interview question for a Devops Engineer about CI/CD. The question should be scenario-based and require deep technical knowledge. End with a question mark.,What are the internal memory management strategies used by CI/CD?
Generate a Hard technical interview question for a Backend Developer about Node.js. The question should be scenario-based and require deep technical knowledge. End with a question mark.,Your Node.js deployment is experiencing cascading failures across microservices. How do you isolate the root cause?
Generate a Hard technical interview question for a Frontend Developer about TypeScript. The question should be scenario-based and require deep technical knowledge. End with a question mark.,What are the internal memory management strategies used by TypeScript?
"Generate a Hard system design interview question for a Frontend Developer focusing on Vue.js architecture, scalability, and system trade-offs. End with a question mark.",Design a multi-region deployment of Vue.js for a global application with sub-100ms latency requirements.
"Generate a Medium behavioural interview question for a Backend Developer about their past experience with Django. Focus on leadership, conflict, or problem-solving. End with a question mark.",Tell me about a time you had to convince your team to adopt Django. How did you make the case?
Generate a Medium technical interview question for a Ml Engineer about BERT. The question should be scenario-based and require deep technical knowledge. End with a question mark.,Explain how BERT works under the hood.
Generate a Hard technical interview question for a Data Analyst about SQL. The question should be scenario-based and require deep technical knowledge. End with a question mark.,A critical deadline is approaching and SQL is causing unexpected cascading timeouts. How do you manage the situation?
Generate a Easy technical interview question for a Ml Engineer about PyTorch. The question should be scenario-based and require deep technical knowledge. End with a question mark.,You are starting a new ML Engineer project. Why would you choose PyTorch?
"Generate a Medium behavioural interview question for a Backend Developer about their past experience with Node.js. Focus on leadership, conflict, or problem-solving. End with a question mark.",Tell me about a time you had to convince your team to adopt Node.js. How did you make the case?
Generate a Easy technical interview question for a Devops Engineer about Terraform. The question should be scenario-based and require deep technical knowledge. End with a question mark.,What are the main features of Terraform?
Generate a Hard technical interview question for a Backend Developer about REST API. The question should be scenario-based and require deep technical knowledge. End with a question mark.,Your REST API deployment is experiencing cascading failures across microservices. How do you isolate the root cause?
Generate a Hard technical interview question for a Full Stack Developer about GraphQL. The question should be scenario-based and require deep technical knowledge. End with a question mark.,Your GraphQL deployment is experiencing cascading failures across microservices. How do you isolate the root cause?
Generate a Medium technical interview question for a Data Analyst about Python. The question should be scenario-based and require deep technical knowledge. End with a question mark.,How would you use Python to handle caching invalidation in a real-world application?
Generate a Medium technical interview question for a Data Analyst about Power BI. The question should be scenario-based and require deep technical knowledge. End with a question mark.,How would you use Power BI to handle caching invalidation in a real-world application?
"Generate a Hard system design interview question for a Ml Engineer focusing on MLflow architecture, scalability, and system trade-offs. End with a question mark.",Design a highly scalable e-commerce platform using MLflow that handles 1 million events per second.
"Generate a Medium system design interview question for a Data Analyst focusing on Pandas architecture, scalability, and system trade-offs. End with a question mark.","How would you design a RESTful API using Pandas that supports 10,000 concurrent users?"
Generate a Medium technical interview question for a Data Analyst about Tableau. The question should be scenario-based and require deep technical knowledge. End with a question mark.,How would you use Tableau to handle authentication at scale in a real-world application?
"Generate a Easy system design interview question for a Devops Engineer focusing on Linux architecture, scalability, and system trade-offs. End with a question mark.",How would you structure a basic project using Linux?
Generate a Medium technical interview question for a Frontend Developer about TypeScript. The question should be scenario-based and require deep technical knowledge. End with a question mark.,Explain how TypeScript works under the hood.
Generate a Easy technical interview question for a Backend Developer about MongoDB. The question should be scenario-based and require deep technical knowledge. End with a question mark.,Your MongoDB application is throwing an unhandled error on startup. What are your first steps?
Generate a Easy technical interview question for a Backend Developer about Django. The question should be scenario-based and require deep technical knowledge. End with a question mark.,A basic Django function is returning None unexpectedly. How do you debug it?
Generate a Hard technical interview question for a Frontend Developer about JavaScript. The question should be scenario-based and require deep technical knowledge. End with a question mark.,Your real-time chat app is experiencing memory leak at 10x normal traffic. How do you use JavaScript to diagnose and resolve it?
"Generate a Easy system design interview question for a Devops Engineer focusing on Terraform architecture, scalability, and system trade-offs. End with a question mark.",Design a simple todo app using Terraform as the core technology.
Generate a Easy technical interview question for a Devops Engineer about Kubernetes. The question should be scenario-based and require deep technical knowledge. End with a question mark.,A basic Kubernetes function is returning None unexpectedly. How do you debug it?
"Generate a Medium behavioural interview question for a Ml Engineer about their past experience with Feature Engineering. Focus on leadership, conflict, or problem-solving. End with a question mark.",Describe a challenging bug you solved using Feature Engineering. What was your thought process?
Generate a Easy technical interview question for a Devops Engineer about Ansible. The question should be scenario-based and require deep technical knowledge. End with a question mark.,Explain the basic concept of Ansible in simple terms.
"Generate a Medium system design interview question for a Ml Engineer focusing on TensorFlow architecture, scalability, and system trade-offs. End with a question mark.","How would you design a RESTful API using TensorFlow that supports 10,000 concurrent users?"
Generate a Hard technical interview question for a Backend Developer about Redis. The question should be scenario-based and require deep technical knowledge. End with a question mark.,Your real-time chat app is experiencing high latency spikes at 10x normal traffic. How do you use Redis to diagnose and resolve it?
"Generate a Hard system design interview question for a Backend Developer focusing on REST API architecture, scalability, and system trade-offs. End with a question mark.",Architect a fault-tolerant analytics dashboard using REST API. How do you handle failures without data loss?
"Generate a Hard behavioural interview question for a Backend Developer about their past experience with Node.js. Focus on leadership, conflict, or problem-solving. End with a question mark.",Describe a situation where you had to make a critical architectural decision involving Node.js under tight time pressure.
Generate a Medium technical interview question for a Full Stack Developer about TypeScript. The question should be scenario-based and require deep technical knowledge. End with a question mark.,Your team is migrating an existing system to use TypeScript. What is your migration plan?
Generate a Easy technical interview question for a Frontend Developer about Vue.js. The question should be scenario-based and require deep technical knowledge. End with a question mark.,You are starting a new Frontend Developer project. Why would you choose Vue.js?
Generate a Easy technical interview question for a Ml Engineer about TensorFlow. The question should be scenario-based and require deep technical knowledge. End with a question mark.,A basic TensorFlow function is returning None unexpectedly. How do you debug it?
Generate a Medium technical interview question for a Ml Engineer about MLflow. The question should be scenario-based and require deep technical knowledge. End with a question mark.,Explain how MLflow works under the hood.
Generate a Easy technical interview question for a Backend Developer about REST API. The question should be scenario-based and require deep technical knowledge. End with a question mark.,What are the main features of REST API?
Generate a Easy technical interview question for a Frontend Developer about JavaScript. The question should be scenario-based and require deep technical knowledge. End with a question mark.,You are starting a new Frontend Developer project. Why would you choose JavaScript?
Generate a Easy technical interview question for a Frontend Developer about Webpack. The question should be scenario-based and require deep technical knowledge. End with a question mark.,"If a junior developer asked you to explain Webpack, what real-world analogy would you use?"
"Generate a Hard behavioural interview question for a Devops Engineer about their past experience with Kubernetes. Focus on leadership, conflict, or problem-solving. End with a question mark.","Tell me about a time Kubernetes caused a production incident that affected users. How did you lead the resolution, and what did you change afterwards?"
Generate a Medium technical interview question for a Ml Engineer about TensorFlow. The question should be scenario-based and require deep technical knowledge. End with a question mark.,Explain how TensorFlow works under the hood.
"Generate a Easy system design interview question for a Frontend Developer focusing on Next.js architecture, scalability, and system trade-offs. End with a question mark.",Design a simple todo app using Next.js as the core technology.
"Generate a Medium behavioural interview question for a Devops Engineer about their past experience with AWS. Focus on leadership, conflict, or problem-solving. End with a question mark.",Describe a challenging bug you solved using AWS. What was your thought process?
"Generate a Hard system design interview question for a Frontend Developer focusing on JavaScript architecture, scalability, and system trade-offs. End with a question mark.",Architect a fault-tolerant real-time chat app using JavaScript. How do you handle failures without data loss?
"Generate a Medium behavioural interview question for a Frontend Developer about their past experience with HTML5. Focus on leadership, conflict, or problem-solving. End with a question mark.",Describe a challenging bug you solved using HTML5. What was your thought process?
Generate a Medium technical interview question for a Ml Engineer about MLflow. The question should be scenario-based and require deep technical knowledge. End with a question mark.,Your team is migrating an existing system to use MLflow. What is your migration plan?
Generate a Hard technical interview question for a Devops Engineer about Terraform. The question should be scenario-based and require deep technical knowledge. End with a question mark.,A race condition is occurring in your Terraform setup under load. Describe your complete debugging and resolution strategy.
"Generate a Hard behavioural interview question for a Ml Engineer about their past experience with scikit-learn. Focus on leadership, conflict, or problem-solving. End with a question mark.",Describe a situation where you had to make a critical architectural decision involving scikit-learn under tight time pressure.
Generate a Medium technical interview question for a Data Analyst about Excel. The question should be scenario-based and require deep technical knowledge. End with a question mark.,A Excel application in production is consuming 90% CPU. How do you investigate and resolve this?
Generate a Medium technical interview question for a Backend Developer about Python. The question should be scenario-based and require deep technical knowledge. End with a question mark.,A Python application in production is consuming 90% CPU. How do you investigate and resolve this?
Generate a Hard technical interview question for a Full Stack Developer about GraphQL. The question should be scenario-based and require deep technical knowledge. End with a question mark.,"A deadlock is occurring in your GraphQL database layer during peak traffic. How do you detect, resolve, and prevent this?"
Generate a Medium technical interview question for a Data Analyst about Python. The question should be scenario-based and require deep technical knowledge. End with a question mark.,How does Python handle high concurrency in a production environment?
Generate a Easy technical interview question for a Frontend Developer about Next.js. The question should be scenario-based and require deep technical knowledge. End with a question mark.,How would you use Next.js to build a simple URL shortener?
"Generate a Easy behavioural interview question for a Backend Developer about their past experience with Django. Focus on leadership, conflict, or problem-solving. End with a question mark.",Tell me about a project where you used Django.
Generate a Medium technical interview question for a Data Analyst about Power BI. The question should be scenario-based and require deep technical knowledge. End with a question mark.,A Power BI application in production is consuming 90% CPU. How do you investigate and resolve this?
Generate a Easy technical interview question for a Backend Developer about Node.js. The question should be scenario-based and require deep technical knowledge. End with a question mark.,How would you use Node.js to build a simple job scheduling system?
"Generate a Medium behavioural interview question for a Data Analyst about their past experience with Pandas. Focus on leadership, conflict, or problem-solving. End with a question mark.",Tell me about a time you had to convince your team to adopt Pandas. How did you make the case?
Generate a Medium technical interview question for a Data Analyst about Pandas. The question should be scenario-based and require deep technical knowledge. End with a question mark.,How would you use Pandas to handle authentication at scale in a real-world application?
"Generate a Hard system design interview question for a Backend Developer focusing on Docker architecture, scalability, and system trade-offs. End with a question mark.",Design a multi-region deployment of Docker for a global application with sub-100ms latency requirements.
Generate a Hard technical interview question for a Ml Engineer about scikit-learn. The question should be scenario-based and require deep technical knowledge. End with a question mark.,What are the internal memory management strategies used by scikit-learn?
Generate a Easy technical interview question for a Full Stack Developer about MongoDB. The question should be scenario-based and require deep technical knowledge. End with a question mark.,You are starting a new Full Stack Developer project. Why would you choose MongoDB?
Generate a Medium technical interview question for a Devops Engineer about AWS. The question should be scenario-based and require deep technical knowledge. End with a question mark.,A AWS application in production is consuming 90% CPU. How do you investigate and resolve this?
"Generate a Medium system design interview question for a Backend Developer focusing on REST API architecture, scalability, and system trade-offs. End with a question mark.",Design the database schema for a URL shortener that uses REST API as its data layer.
"Generate a Hard behavioural interview question for a Frontend Developer about their past experience with Next.js. Focus on leadership, conflict, or problem-solving. End with a question mark.","Tell me about a time Next.js caused a production incident that affected users. How did you lead the resolution, and what did you change afterwards?"
Generate a Easy technical interview question for a Ml Engineer about Model Deployment. The question should be scenario-based and require deep technical knowledge. End with a question mark.,"If a junior developer asked you to explain Model Deployment, what real-world analogy would you use?"
Generate a Easy technical interview question for a Data Analyst about Excel. The question should be scenario-based and require deep technical knowledge. End with a question mark.,What problem does Excel solve in software development?
Generate a Hard technical interview question for a Frontend Developer about Redux. The question should be scenario-based and require deep technical knowledge. End with a question mark.,"How does Redux ensure horizontal scalability at scale, and what are its architectural limitations?"
Generate a Easy technical interview question for a Ml Engineer about Model Deployment. The question should be scenario-based and require deep technical knowledge. End with a question mark.,You are starting a new ML Engineer project. Why would you choose Model Deployment?
"Generate a Medium system design interview question for a Ml Engineer focusing on Model Deployment architecture, scalability, and system trade-offs. End with a question mark.",Design the database schema for a URL shortener that uses Model Deployment as its data layer.
Generate a Medium technical interview question for a Backend Developer about FastAPI. The question should be scenario-based and require deep technical knowledge. End with a question mark.,How does FastAPI handle high concurrency in a production environment?
"Generate a Easy system design interview question for a Devops Engineer focusing on Terraform architecture, scalability, and system trade-offs. End with a question mark.",How would you structure a basic project using Terraform?
"Generate a Hard system design interview question for a Devops Engineer focusing on Ansible architecture, scalability, and system trade-offs. End with a question mark.",Design a highly scalable analytics dashboard using Ansible that handles 1 million events per second.
Generate a Hard technical interview question for a Backend Developer about FastAPI. The question should be scenario-based and require deep technical knowledge. End with a question mark.,"How does FastAPI ensure fault tolerance at scale, and what are its architectural limitations?"
"Generate a Medium behavioural interview question for a Backend Developer about their past experience with MongoDB. Focus on leadership, conflict, or problem-solving. End with a question mark.",Tell me about a time you had to convince your team to adopt MongoDB. How did you make the case?
"Generate a Hard behavioural interview question for a Ml Engineer about their past experience with BERT. Focus on leadership, conflict, or problem-solving. End with a question mark.",Describe a situation where you had to make a critical architectural decision involving BERT under tight time pressure.
Generate a Easy technical interview question for a Backend Developer about Redis. The question should be scenario-based and require deep technical knowledge. End with a question mark.,How would you use Redis to build a simple e-commerce platform?
Generate a Easy technical interview question for a Frontend Developer about JavaScript. The question should be scenario-based and require deep technical knowledge. End with a question mark.,What problem does JavaScript solve in software development?
"Generate a Medium system design interview question for a Frontend Developer focusing on Redux architecture, scalability, and system trade-offs. End with a question mark.",Design the database schema for a e-commerce platform that uses Redux as its data layer.
"Generate a Medium system design interview question for a Devops Engineer focusing on Ansible architecture, scalability, and system trade-offs. End with a question mark.","How would you design a RESTful API using Ansible that supports 10,000 concurrent users?"
"Generate a Easy system design interview question for a Backend Developer focusing on MongoDB architecture, scalability, and system trade-offs. End with a question mark.",How would you structure a basic project using MongoDB?
Generate a Easy technical interview question for a Data Analyst about Python. The question should be scenario-based and require deep technical knowledge. End with a question mark.,You are starting a new Data Analyst project. Why would you choose Python?
"Generate a Medium behavioural interview question for a Full Stack Developer about their past experience with GraphQL. Focus on leadership, conflict, or problem-solving. End with a question mark.",Describe a challenging bug you solved using GraphQL. What was your thought process?
Generate a Hard technical interview question for a Data Analyst about Power BI. The question should be scenario-based and require deep technical knowledge. End with a question mark.,"Compare Power BI with its closest alternative in terms of performance, scalability, and developer experience."
"Generate a Hard behavioural interview question for a Frontend Developer about their past experience with Redux. Focus on leadership, conflict, or problem-solving. End with a question mark.","Tell me about a time Redux caused a production incident that affected users. How did you lead the resolution, and what did you change afterwards?"
Generate a Easy technical interview question for a Devops Engineer about Jenkins. The question should be scenario-based and require deep technical knowledge. End with a question mark.,What are the main features of Jenkins?
"Generate a Hard behavioural interview question for a Frontend Developer about their past experience with JavaScript. Focus on leadership, conflict, or problem-solving. End with a question mark.",Describe a situation where you had to make a critical architectural decision involving JavaScript under tight time pressure.
Generate a Easy technical interview question for a Backend Developer about Kafka. The question should be scenario-based and require deep technical knowledge. End with a question mark.,How would you use Kafka to build a simple e-commerce platform?
Generate a Hard technical interview question for a Backend Developer about PostgreSQL. The question should be scenario-based and require deep technical knowledge. End with a question mark.,You are the lead engineer on a real-time chat app serving 5 million users. How would you architect PostgreSQL into the stack?
Generate a Hard technical interview question for a Data Analyst about Python. The question should be scenario-based and require deep technical knowledge. End with a question mark.,A race condition is occurring in your Python setup under load. Describe your complete debugging and resolution strategy.
Generate a Medium technical interview question for a Frontend Developer about HTML5. The question should be scenario-based and require deep technical knowledge. End with a question mark.,You are building a e-commerce platform and need to integrate HTML5. Walk me through your approach.
Generate a Easy technical interview question for a Devops Engineer about Kubernetes. The question should be scenario-based and require deep technical knowledge. End with a question mark.,Define Kubernetes and its primary use case.
Generate a Hard technical interview question for a Frontend Developer about Next.js. The question should be scenario-based and require deep technical knowledge. End with a question mark.,"A deadlock is occurring in your Next.js database layer during peak traffic. How do you detect, resolve, and prevent this?"
"Generate a Medium system design interview question for a Backend Developer focusing on Python architecture, scalability, and system trade-offs. End with a question mark.","How would you design a RESTful API using Python that supports 10,000 concurrent users?"
"Generate a Medium behavioural interview question for a Backend Developer about their past experience with PostgreSQL. Focus on leadership, conflict, or problem-solving. End with a question mark.",Tell me about a time you had to convince your team to adopt PostgreSQL. How did you make the case?
"Generate a Hard behavioural interview question for a Data Analyst about their past experience with Excel. Focus on leadership, conflict, or problem-solving. End with a question mark.","Tell me about a time Excel caused a production incident that affected users. How did you lead the resolution, and what did you change afterwards?"
Generate a Hard technical interview question for a Ml Engineer about PyTorch. The question should be scenario-based and require deep technical knowledge. End with a question mark.,"Compare PyTorch with its closest alternative in terms of performance, scalability, and developer experience."
Generate a Easy technical interview question for a Backend Developer about Docker. The question should be scenario-based and require deep technical knowledge. End with a question mark.,"If a junior developer asked you to explain Docker, what real-world analogy would you use?"
"Generate a Medium behavioural interview question for a Backend Developer about their past experience with MongoDB. Focus on leadership, conflict, or problem-solving. End with a question mark.",Describe a challenging bug you solved using MongoDB. What was your thought process?
Generate a Medium technical interview question for a Backend Developer about Redis. The question should be scenario-based and require deep technical knowledge. End with a question mark.,How does Redis handle high concurrency in a production environment?
Generate a Medium technical interview question for a Backend Developer about Docker. The question should be scenario-based and require deep technical knowledge. End with a question mark.,You are building a URL shortener and need to integrate Docker. Walk me through your approach.
Generate a Hard technical interview question for a Frontend Developer about CSS. The question should be scenario-based and require deep technical knowledge. End with a question mark.,"How does CSS ensure low read latency at scale, and what are its architectural limitations?"
Generate a Easy technical interview question for a Backend Developer about FastAPI. The question should be scenario-based and require deep technical knowledge. End with a question mark.,"If a junior developer asked you to explain FastAPI, what real-world analogy would you use?"
"Generate a Medium system design interview question for a Data Analyst focusing on SQL architecture, scalability, and system trade-offs. End with a question mark.",Design the database schema for a real-time chat app that uses SQL as its data layer.
"Generate a Hard system design interview question for a Data Analyst focusing on Power BI architecture, scalability, and system trade-offs. End with a question mark.",Architect a fault-tolerant notification service using Power BI. How do you handle failures without data loss?
Generate a Easy technical interview question for a Devops Engineer about Docker. The question should be scenario-based and require deep technical knowledge. End with a question mark.,What is Docker and why is it important for a DevOps Engineer?
Generate a Medium technical interview question for a Data Analyst about Statistics. The question should be scenario-based and require deep technical knowledge. End with a question mark.,What are common pitfalls when using Statistics and how do you avoid them?
"Generate a Hard behavioural interview question for a Data Analyst about their past experience with Pandas. Focus on leadership, conflict, or problem-solving. End with a question mark.","Tell me about a time Pandas caused a production incident that affected users. How did you lead the resolution, and what did you change afterwards?"
"Generate a Medium system design interview question for a Data Analyst focusing on Statistics architecture, scalability, and system trade-offs. End with a question mark.","How would you design a RESTful API using Statistics that supports 10,000 concurrent users?"
Generate a Medium technical interview question for a Backend Developer about Node.js. The question should be scenario-based and require deep technical knowledge. End with a question mark.,What are the trade-offs of using Node.js over alternatives?
"Generate a Medium system design interview question for a Full Stack Developer focusing on Node.js architecture, scalability, and system trade-offs. End with a question mark.",Design the database schema for a real-time chat app that uses Node.js as its data layer.
Generate a Hard technical interview question for a Frontend Developer about TypeScript. The question should be scenario-based and require deep technical knowledge. End with a question mark.,"Compare TypeScript with its closest alternative in terms of performance, scalability, and developer experience."
"Generate a Medium behavioural interview question for a Devops Engineer about their past experience with Jenkins. Focus on leadership, conflict, or problem-solving. End with a question mark.",Describe a challenging bug you solved using Jenkins. What was your thought process?
"Generate a Easy system design interview question for a Frontend Developer focusing on TypeScript architecture, scalability, and system trade-offs. End with a question mark.",Design a simple todo app using TypeScript as the core technology.
"Generate a Medium behavioural interview question for a Frontend Developer about their past experience with Next.js. Focus on leadership, conflict, or problem-solving. End with a question mark.",Describe a challenging bug you solved using Next.js. What was your thought process?
Generate a Easy technical interview question for a Devops Engineer about Jenkins. The question should be scenario-based and require deep technical knowledge. End with a question mark.,Explain the basic concept of Jenkins in simple terms.
"Generate a Hard system design interview question for a Backend Developer focusing on Django architecture, scalability, and system trade-offs. End with a question mark.",Design a highly scalable analytics dashboard using Django that handles 1 million events per second.
Generate a Medium technical interview question for a Data Analyst about SQL. The question should be scenario-based and require deep technical knowledge. End with a question mark.,A SQL application in production is consuming 90% CPU. How do you investigate and resolve this?
Generate a Medium technical interview question for a Data Analyst about Tableau. The question should be scenario-based and require deep technical knowledge. End with a question mark.,A Tableau application in production is consuming 90% CPU. How do you investigate and resolve this?
Generate a Hard technical interview question for a Backend Developer about Django. The question should be scenario-based and require deep technical knowledge. End with a question mark.,A critical deadline is approaching and Django is causing unexpected data corruption. How do you manage the situation?
Generate a Hard technical interview question for a Backend Developer about Kafka. The question should be scenario-based and require deep technical knowledge. End with a question mark.,A race condition is occurring in your Kafka setup under load. Describe your complete debugging and resolution strategy.
"Generate a Hard behavioural interview question for a Data Analyst about their past experience with Statistics. Focus on leadership, conflict, or problem-solving. End with a question mark.",Describe a situation where you had to make a critical architectural decision involving Statistics under tight time pressure.
"Generate a Easy system design interview question for a Backend Developer focusing on PostgreSQL architecture, scalability, and system trade-offs. End with a question mark.",Design a simple todo app using PostgreSQL as the core technology.
Generate a Easy technical interview question for a Data Analyst about Tableau. The question should be scenario-based and require deep technical knowledge. End with a question mark.,How would you use Tableau to build a simple job scheduling system?
Generate a Hard technical interview question for a Data Analyst about Tableau. The question should be scenario-based and require deep technical knowledge. End with a question mark.,"A deadlock is occurring in your Tableau database layer during peak traffic. How do you detect, resolve, and prevent this?"
"Generate a Easy system design interview question for a Frontend Developer focusing on Webpack architecture, scalability, and system trade-offs. End with a question mark.",How would you structure a basic project using Webpack?
Generate a Medium technical interview question for a Frontend Developer about Webpack. The question should be scenario-based and require deep technical knowledge. End with a question mark.,How does Webpack handle authentication at scale in a production environment?
"Generate a Medium system design interview question for a Data Analyst focusing on SQL architecture, scalability, and system trade-offs. End with a question mark.",Design a notification service that uses SQL for message queuing. What components would you include?
"Generate a Hard behavioural interview question for a Frontend Developer about their past experience with HTML5. Focus on leadership, conflict, or problem-solving. End with a question mark.","Tell me about a time HTML5 caused a production incident that affected users. How did you lead the resolution, and what did you change afterwards?"
Generate a Easy technical interview question for a Backend Developer about FastAPI. The question should be scenario-based and require deep technical knowledge. End with a question mark.,A basic FastAPI function is returning None unexpectedly. How do you debug it?
Generate a Medium technical interview question for a Backend Developer about REST API. The question should be scenario-based and require deep technical knowledge. End with a question mark.,What are the trade-offs of using REST API over alternatives?
"Generate a Easy system design interview question for a Frontend Developer focusing on Redux architecture, scalability, and system trade-offs. End with a question mark.",How would you structure a basic project using Redux?
"Generate a Medium system design interview question for a Backend Developer focusing on Kafka architecture, scalability, and system trade-offs. End with a question mark.",Design the database schema for a e-commerce platform that uses Kafka as its data layer.
"Generate a Medium system design interview question for a Full Stack Developer focusing on Node.js architecture, scalability, and system trade-offs. End with a question mark.",Design a analytics dashboard that uses Node.js for audit logging. What components would you include?
Generate a Easy technical interview question for a Data Analyst about Excel. The question should be scenario-based and require deep technical knowledge. End with a question mark.,A basic Excel function is returning None unexpectedly. How do you debug it?
Generate a Hard technical interview question for a Data Analyst about Excel. The question should be scenario-based and require deep technical knowledge. End with a question mark.,Your real-time chat app is experiencing connection pool exhaustion at 10x normal traffic. How do you use Excel to diagnose and resolve it?
Generate a Medium technical interview question for a Data Analyst about Python. The question should be scenario-based and require deep technical knowledge. End with a question mark.,Your team is migrating an existing system to use Python. What is your migration plan?
Generate a Medium technical interview question for a Ml Engineer about BERT. The question should be scenario-based and require deep technical knowledge. End with a question mark.,Your team is migrating an existing system to use BERT. What is your migration plan?
"Generate a Medium system design interview question for a Ml Engineer focusing on scikit-learn architecture, scalability, and system trade-offs. End with a question mark.",Design the database schema for a notification service that uses scikit-learn as its data layer.
"Generate a Easy system design interview question for a Backend Developer focusing on MongoDB architecture, scalability, and system trade-offs. End with a question mark.",Design a simple todo app using MongoDB as the core technology.
Generate a Medium technical interview question for a Ml Engineer about Feature Engineering. The question should be scenario-based and require deep technical knowledge. End with a question mark.,What are the trade-offs of using Feature Engineering over alternatives?
Generate a Medium technical interview question for a Ml Engineer about scikit-learn. The question should be scenario-based and require deep technical knowledge. End with a question mark.,What are the trade-offs of using scikit-learn over alternatives?
"Generate a Easy behavioural interview question for a Ml Engineer about their past experience with scikit-learn. Focus on leadership, conflict, or problem-solving. End with a question mark.",Describe your experience learning scikit-learn for the first time.
Generate a Easy technical interview question for a Full Stack Developer about MongoDB. The question should be scenario-based and require deep technical knowledge. End with a question mark.,"If a junior developer asked you to explain MongoDB, what real-world analogy would you use?"
Generate a Hard technical interview question for a Ml Engineer about BERT. The question should be scenario-based and require deep technical knowledge. End with a question mark.,"Compare BERT with its closest alternative in terms of performance, scalability, and developer experience."
Generate a Easy technical interview question for a Backend Developer about FastAPI. The question should be scenario-based and require deep technical knowledge. End with a question mark.,What is FastAPI and why is it important for a Backend Developer?
"Generate a Medium system design interview question for a Full Stack Developer focusing on GraphQL architecture, scalability, and system trade-offs. End with a question mark.",Design the database schema for a e-commerce platform that uses GraphQL as its data layer.
"Generate a Medium system design interview question for a Frontend Developer focusing on HTML5 architecture, scalability, and system trade-offs. End with a question mark.",Design a job scheduling system that uses HTML5 for full-text search. What components would you include?
Generate a Medium technical interview question for a Frontend Developer about Webpack. The question should be scenario-based and require deep technical knowledge. End with a question mark.,Users are reporting intermittent failures in a Webpack service. How do you reproduce and fix the issue?
"Generate a Hard system design interview question for a Ml Engineer focusing on PyTorch architecture, scalability, and system trade-offs. End with a question mark.",Architect a fault-tolerant real-time chat app using PyTorch. How do you handle failures without data loss?
Generate a Easy technical interview question for a Frontend Developer about React. The question should be scenario-based and require deep technical knowledge. End with a question mark.,A basic React function is returning None unexpectedly. How do you debug it?
Generate a Hard technical interview question for a Devops Engineer about Terraform. The question should be scenario-based and require deep technical knowledge. End with a question mark.,"Compare Terraform with its closest alternative in terms of performance, scalability, and developer experience."
Generate a Medium technical interview question for a Frontend Developer about JavaScript. The question should be scenario-based and require deep technical knowledge. End with a question mark.,Your team is migrating an existing system to use JavaScript. What is your migration plan?
"Generate a Medium system design interview question for a Backend Developer focusing on FastAPI architecture, scalability, and system trade-offs. End with a question mark.",Design the database schema for a e-commerce platform that uses FastAPI as its data layer.
Generate a Easy technical interview question for a Backend Developer about MongoDB. The question should be scenario-based and require deep technical knowledge. End with a question mark.,How would you use MongoDB to build a simple notification service?
Generate a Easy technical interview question for a Data Analyst about Power BI. The question should be scenario-based and require deep technical knowledge. End with a question mark.,Explain the basic concept of Power BI in simple terms.
Generate a Hard technical interview question for a Devops Engineer about Linux. The question should be scenario-based and require deep technical knowledge. End with a question mark.,A critical deadline is approaching and Linux is causing unexpected data corruption. How do you manage the situation?
Generate a Easy technical interview question for a Ml Engineer about MLflow. The question should be scenario-based and require deep technical knowledge. End with a question mark.,You are starting a new ML Engineer project. Why would you choose MLflow?
"Generate a Medium behavioural interview question for a Ml Engineer about their past experience with Model Deployment. Focus on leadership, conflict, or problem-solving. End with a question mark.",Tell me about a time you had to convince your team to adopt Model Deployment. How did you make the case?
"Generate a Hard system design interview question for a Full Stack Developer focusing on Next.js architecture, scalability, and system trade-offs. End with a question mark.",Design a multi-region deployment of Next.js for a global application with sub-100ms latency requirements.
Generate a Hard technical interview question for a Devops Engineer about Linux. The question should be scenario-based and require deep technical knowledge. End with a question mark.,"A deadlock is occurring in your Linux database layer during peak traffic. How do you detect, resolve, and prevent this?"
Generate a Hard technical interview question for a Devops Engineer about Ansible. The question should be scenario-based and require deep technical knowledge. End with a question mark.,Your URL shortener is experiencing high latency spikes at 10x normal traffic. How do you use Ansible to diagnose and resolve it?
Generate a Medium technical interview question for a Frontend Developer about Vue.js. The question should be scenario-based and require deep technical knowledge. End with a question mark.,Explain how Vue.js works under the hood.
Generate a Medium technical interview question for a Ml Engineer about TensorFlow. The question should be scenario-based and require deep technical knowledge. End with a question mark.,How would you use TensorFlow to handle real-time data consistency in a real-world application?
Generate a Hard technical interview question for a Backend Developer about Node.js. The question should be scenario-based and require deep technical knowledge. End with a question mark.,"Compare Node.js with its closest alternative in terms of performance, scalability, and developer experience."
"Generate a Medium behavioural interview question for a Data Analyst about their past experience with Pandas. Focus on leadership, conflict, or problem-solving. End with a question mark.",Describe a challenging bug you solved using Pandas. What was your thought process?
"Generate a Easy behavioural interview question for a Ml Engineer about their past experience with scikit-learn. Focus on leadership, conflict, or problem-solving. End with a question mark.",Tell me about a project where you used scikit-learn.
"Generate a Medium behavioural interview question for a Backend Developer about their past experience with Python. Focus on leadership, conflict, or problem-solving. End with a question mark.",Describe a challenging bug you solved using Python. What was your thought process?
"Generate a Hard system design interview question for a Data Analyst focusing on NumPy architecture, scalability, and system trade-offs. End with a question mark.",Design a highly scalable analytics dashboard using NumPy that handles 1 million events per second.
Generate a Medium technical interview question for a Devops Engineer about Kubernetes. The question should be scenario-based and require deep technical knowledge. End with a question mark.,How would you use Kubernetes to handle authentication at scale in a real-world application?
Generate a Medium technical interview question for a Devops Engineer about Terraform. The question should be scenario-based and require deep technical knowledge. End with a question mark.,What are the trade-offs of using Terraform over alternatives?
Generate a Medium technical interview question for a Devops Engineer about Ansible. The question should be scenario-based and require deep technical knowledge. End with a question mark.,Your team is migrating an existing system to use Ansible. What is your migration plan?
Generate a Easy technical interview question for a Frontend Developer about Webpack. The question should be scenario-based and require deep technical knowledge. End with a question mark.,What are the main features of Webpack?
Generate a Hard technical interview question for a Frontend Developer about JavaScript. The question should be scenario-based and require deep technical knowledge. End with a question mark.,"Compare JavaScript with its closest alternative in terms of performance, scalability, and developer experience."
Generate a Hard technical interview question for a Backend Developer about Node.js. The question should be scenario-based and require deep technical knowledge. End with a question mark.,"A deadlock is occurring in your Node.js database layer during peak traffic. How do you detect, resolve, and prevent this?"
"Generate a Hard system design interview question for a Backend Developer focusing on Python architecture, scalability, and system trade-offs. End with a question mark.",Architect a fault-tolerant e-commerce platform using Python. How do you handle failures without data loss?
"Generate a Medium behavioural interview question for a Devops Engineer about their past experience with Terraform. Focus on leadership, conflict, or problem-solving. End with a question mark.",Describe a challenging bug you solved using Terraform. What was your thought process?
Generate a Easy technical interview question for a Frontend Developer about HTML5. The question should be scenario-based and require deep technical knowledge. End with a question mark.,What is HTML5 and why is it important for a Frontend Developer?
"Generate a Hard behavioural interview question for a Frontend Developer about their past experience with CSS. Focus on leadership, conflict, or problem-solving. End with a question mark.","Tell me about a time CSS caused a production incident that affected users. How did you lead the resolution, and what did you change afterwards?"
Generate a Medium technical interview question for a Backend Developer about REST API. The question should be scenario-based and require deep technical knowledge. End with a question mark.,What are common pitfalls when using REST API and how do you avoid them?
Generate a Hard technical interview question for a Frontend Developer about TypeScript. The question should be scenario-based and require deep technical knowledge. End with a question mark.,A race condition is occurring in your TypeScript setup under load. Describe your complete debugging and resolution strategy.
Generate a Medium technical interview question for a Frontend Developer about Vue.js. The question should be scenario-based and require deep technical knowledge. End with a question mark.,What are the trade-offs of using Vue.js over alternatives?
Generate a Medium technical interview question for a Backend Developer about Kafka. The question should be scenario-based and require deep technical knowledge. End with a question mark.,A Kafka application in production is consuming 90% CPU. How do you investigate and resolve this?
"Generate a Hard behavioural interview question for a Ml Engineer about their past experience with BERT. Focus on leadership, conflict, or problem-solving. End with a question mark.","Tell me about a time BERT caused a production incident that affected users. How did you lead the resolution, and what did you change afterwards?"
"Generate a Hard system design interview question for a Backend Developer focusing on PostgreSQL architecture, scalability, and system trade-offs. End with a question mark.",Design a highly scalable job scheduling system using PostgreSQL that handles 1 million events per second.
Generate a Easy technical interview question for a Devops Engineer about Linux. The question should be scenario-based and require deep technical knowledge. End with a question mark.,Your Linux application is throwing an unhandled error on startup. What are your first steps?
Generate a Easy technical interview question for a Data Analyst about Power BI. The question should be scenario-based and require deep technical knowledge. End with a question mark.,Define Power BI and its primary use case.
"Generate a Easy behavioural interview question for a Backend Developer about their past experience with REST API. Focus on leadership, conflict, or problem-solving. End with a question mark.",Tell me about a project where you used REST API.
Generate a Medium technical interview question for a Backend Developer about Docker. The question should be scenario-based and require deep technical knowledge. End with a question mark.,Users are reporting intermittent failures in a Docker service. How do you reproduce and fix the issue?
"Generate a Hard system design interview question for a Ml Engineer focusing on BERT architecture, scalability, and system trade-offs. End with a question mark.",Architect a fault-tolerant analytics dashboard using BERT. How do you handle failures without data loss?
Generate a Hard technical interview question for a Backend Developer about Kafka. The question should be scenario-based and require deep technical knowledge. End with a question mark.,"A deadlock is occurring in your Kafka database layer during peak traffic. How do you detect, resolve, and prevent this?"
Generate a Medium technical interview question for a Full Stack Developer about Node.js. The question should be scenario-based and require deep technical knowledge. End with a question mark.,How would you use Node.js to handle authentication at scale in a real-world application?
Generate a Medium technical interview question for a Backend Developer about Python. The question should be scenario-based and require deep technical knowledge. End with a question mark.,What are the trade-offs of using Python over alternatives?
"Generate a Medium behavioural interview question for a Backend Developer about their past experience with RabbitMQ. Focus on leadership, conflict, or problem-solving. End with a question mark.",Describe a challenging bug you solved using RabbitMQ. What was your thought process?
Generate a Easy technical interview question for a Devops Engineer about Jenkins. The question should be scenario-based and require deep technical knowledge. End with a question mark.,A basic Jenkins function is returning None unexpectedly. How do you debug it?
Generate a Medium technical interview question for a Frontend Developer about HTML5. The question should be scenario-based and require deep technical knowledge. End with a question mark.,Your team is migrating an existing system to use HTML5. What is your migration plan?
Generate a Medium technical interview question for a Devops Engineer about CI/CD. The question should be scenario-based and require deep technical knowledge. End with a question mark.,A CI/CD application in production is consuming 90% CPU. How do you investigate and resolve this?
Generate a Medium technical interview question for a Frontend Developer about CSS. The question should be scenario-based and require deep technical knowledge. End with a question mark.,How does CSS handle caching invalidation in a production environment?
Generate a Hard technical interview question for a Backend Developer about Django. The question should be scenario-based and require deep technical knowledge. End with a question mark.,A race condition is occurring in your Django setup under load. Describe your complete debugging and resolution strategy.
Generate a Hard technical interview question for a Data Analyst about Python. The question should be scenario-based and require deep technical knowledge. End with a question mark.,A critical deadline is approaching and Python is causing unexpected memory leak. How do you manage the situation?
Generate a Easy technical interview question for a Frontend Developer about JavaScript. The question should be scenario-based and require deep technical knowledge. End with a question mark.,"If a junior developer asked you to explain JavaScript, what real-world analogy would you use?"
"Generate a Hard behavioural interview question for a Ml Engineer about their past experience with Feature Engineering. Focus on leadership, conflict, or problem-solving. End with a question mark.","Tell me about a time Feature Engineering caused a production incident that affected users. How did you lead the resolution, and what did you change afterwards?"
Generate a Hard technical interview question for a Data Analyst about Statistics. The question should be scenario-based and require deep technical knowledge. End with a question mark.,"A deadlock is occurring in your Statistics database layer during peak traffic. How do you detect, resolve, and prevent this?"
Generate a Easy technical interview question for a Frontend Developer about React. The question should be scenario-based and require deep technical knowledge. End with a question mark.,Explain the basic concept of React in simple terms.
Generate a Easy technical interview question for a Backend Developer about MongoDB. The question should be scenario-based and require deep technical knowledge. End with a question mark.,You are starting a new Backend Developer project. Why would you choose MongoDB?
"Generate a Hard behavioural interview question for a Frontend Developer about their past experience with Webpack. Focus on leadership, conflict, or problem-solving. End with a question mark.","Tell me about a time Webpack caused a production incident that affected users. How did you lead the resolution, and what did you change afterwards?"
"Generate a Easy behavioural interview question for a Frontend Developer about their past experience with Vue.js. Focus on leadership, conflict, or problem-solving. End with a question mark.",Tell me about a project where you used Vue.js.
Generate a Easy technical interview question for a Frontend Developer about TypeScript. The question should be scenario-based and require deep technical knowledge. End with a question mark.,A basic TypeScript function is returning None unexpectedly. How do you debug it?
"Generate a Hard system design interview question for a Backend Developer focusing on MongoDB architecture, scalability, and system trade-offs. End with a question mark.",Design a highly scalable e-commerce platform using MongoDB that handles 1 million events per second.
Generate a Hard technical interview question for a Full Stack Developer about GraphQL. The question should be scenario-based and require deep technical knowledge. End with a question mark.,"Compare GraphQL with its closest alternative in terms of performance, scalability, and developer experience."
"Generate a Medium system design interview question for a Frontend Developer focusing on Webpack architecture, scalability, and system trade-offs. End with a question mark.",Design the database schema for a analytics dashboard that uses Webpack as its data layer.
Generate a Hard technical interview question for a Ml Engineer about Feature Engineering. The question should be scenario-based and require deep technical knowledge. End with a question mark.,"A deadlock is occurring in your Feature Engineering database layer during peak traffic. How do you detect, resolve, and prevent this?"
"Generate a Easy behavioural interview question for a Devops Engineer about their past experience with Jenkins. Focus on leadership, conflict, or problem-solving. End with a question mark.",Describe your experience learning Jenkins for the first time.
Generate a Hard technical interview question for a Devops Engineer about Docker. The question should be scenario-based and require deep technical knowledge. End with a question mark.,Your notification service is experiencing memory leak at 10x normal traffic. How do you use Docker to diagnose and resolve it?
Generate a Easy technical interview question for a Ml Engineer about BERT. The question should be scenario-based and require deep technical knowledge. End with a question mark.,Explain the basic concept of BERT in simple terms.
Generate a Easy technical interview question for a Frontend Developer about TypeScript. The question should be scenario-based and require deep technical knowledge. End with a question mark.,What problem does TypeScript solve in software development?
"Generate a Easy system design interview question for a Devops Engineer focusing on Kubernetes architecture, scalability, and system trade-offs. End with a question mark.",Design a simple todo app using Kubernetes as the core technology.
Generate a Hard technical interview question for a Frontend Developer about Redux. The question should be scenario-based and require deep technical knowledge. End with a question mark.,"Compare Redux with its closest alternative in terms of performance, scalability, and developer experience."
Generate a Hard technical interview question for a Backend Developer about REST API. The question should be scenario-based and require deep technical knowledge. End with a question mark.,What are the internal memory management strategies used by REST API?
Generate a Easy technical interview question for a Data Analyst about Pandas. The question should be scenario-based and require deep technical knowledge. End with a question mark.,You are starting a new Data Analyst project. Why would you choose Pandas?
"Generate a Hard system design interview question for a Frontend Developer focusing on Webpack architecture, scalability, and system trade-offs. End with a question mark.",Design a highly scalable real-time chat app using Webpack that handles 1 million events per second.
Generate a Hard technical interview question for a Backend Developer about Docker. The question should be scenario-based and require deep technical knowledge. End with a question mark.,"A deadlock is occurring in your Docker database layer during peak traffic. How do you detect, resolve, and prevent this?"
"Generate a Easy system design interview question for a Devops Engineer focusing on Jenkins architecture, scalability, and system trade-offs. End with a question mark.",How would you structure a basic project using Jenkins?
Generate a Easy technical interview question for a Frontend Developer about Vue.js. The question should be scenario-based and require deep technical knowledge. End with a question mark.,How would you use Vue.js to build a simple e-commerce platform?
"Generate a Medium behavioural interview question for a Devops Engineer about their past experience with Kubernetes. Focus on leadership, conflict, or problem-solving. End with a question mark.",Describe a challenging bug you solved using Kubernetes. What was your thought process?
Generate a Easy technical interview question for a Full Stack Developer about Next.js. The question should be scenario-based and require deep technical knowledge. End with a question mark.,How would you use Next.js to build a simple real-time chat app?
Generate a Easy technical interview question for a Frontend Developer about CSS. The question should be scenario-based and require deep technical knowledge. End with a question mark.,How would you use CSS to build a simple analytics dashboard?
"Generate a Hard behavioural interview question for a Data Analyst about their past experience with Excel. Focus on leadership, conflict, or problem-solving. End with a question mark.",Describe a situation where you had to make a critical architectural decision involving Excel under tight time pressure.
"Generate a Hard behavioural interview question for a Devops Engineer about their past experience with Jenkins. Focus on leadership, conflict, or problem-solving. End with a question mark.","Tell me about a time Jenkins caused a production incident that affected users. How did you lead the resolution, and what did you change afterwards?"
"Generate a Hard system design interview question for a Backend Developer focusing on Django architecture, scalability, and system trade-offs. End with a question mark.",Architect a fault-tolerant e-commerce platform using Django. How do you handle failures without data loss?
"Generate a Medium system design interview question for a Data Analyst focusing on Excel architecture, scalability, and system trade-offs. End with a question mark.","How would you design a RESTful API using Excel that supports 10,000 concurrent users?"
Generate a Medium technical interview question for a Backend Developer about MongoDB. The question should be scenario-based and require deep technical knowledge. End with a question mark.,You are building a analytics dashboard and need to integrate MongoDB. Walk me through your approach.
Generate a Hard technical interview question for a Frontend Developer about JavaScript. The question should be scenario-based and require deep technical knowledge. End with a question mark.,"A deadlock is occurring in your JavaScript database layer during peak traffic. How do you detect, resolve, and prevent this?"
"Generate a Medium system design interview question for a Data Analyst focusing on Power BI architecture, scalability, and system trade-offs. End with a question mark.",Design a notification service that uses Power BI for full-text search. What components would you include?
Generate a Easy technical interview question for a Devops Engineer about Terraform. The question should be scenario-based and require deep technical knowledge. End with a question mark.,You are starting a new DevOps Engineer project. Why would you choose Terraform?
"Generate a Easy behavioural interview question for a Backend Developer about their past experience with MongoDB. Focus on leadership, conflict, or problem-solving. End with a question mark.",Tell me about a project where you used MongoDB.
Generate a Hard technical interview question for a Frontend Developer about Redux. The question should be scenario-based and require deep technical knowledge. End with a question mark.,You are the lead engineer on a analytics dashboard serving 5 million users. How would you architect Redux into the stack?
Generate a Hard technical interview question for a Data Analyst about Excel. The question should be scenario-based and require deep technical knowledge. End with a question mark.,"How does Excel ensure fault tolerance at scale, and what are its architectural limitations?"
"Generate a Medium system design interview question for a Backend Developer focusing on PostgreSQL architecture, scalability, and system trade-offs. End with a question mark.","How would you design a RESTful API using PostgreSQL that supports 10,000 concurrent users?"
Generate a Easy technical interview question for a Full Stack Developer about Node.js. The question should be scenario-based and require deep technical knowledge. End with a question mark.,What are the main features of Node.js?
Generate a Hard technical interview question for a Data Analyst about Pandas. The question should be scenario-based and require deep technical knowledge. End with a question mark.,"How does Pandas ensure eventual consistency at scale, and what are its architectural limitations?"
Generate a Easy technical interview question for a Backend Developer about RabbitMQ. The question should be scenario-based and require deep technical knowledge. End with a question mark.,You are starting a new Backend Developer project. Why would you choose RabbitMQ?
Generate a Easy technical interview question for a Data Analyst about Pandas. The question should be scenario-based and require deep technical knowledge. End with a question mark.,A basic Pandas function is returning None unexpectedly. How do you debug it?
Generate a Medium technical interview question for a Backend Developer about Node.js. The question should be scenario-based and require deep technical knowledge. End with a question mark.,A memory leak is suspected in your Node.js application. How do you confirm and eliminate it?
Generate a Easy technical interview question for a Backend Developer about Docker. The question should be scenario-based and require deep technical knowledge. End with a question mark.,How would you use Docker to build a simple notification service?
Generate a Medium technical interview question for a Backend Developer about Node.js. The question should be scenario-based and require deep technical knowledge. End with a question mark.,You are building a job scheduling system and need to integrate Node.js. Walk me through your approach.
"Generate a Medium behavioural interview question for a Ml Engineer about their past experience with scikit-learn. Focus on leadership, conflict, or problem-solving. End with a question mark.",Describe a challenging bug you solved using scikit-learn. What was your thought process?
Generate a Easy technical interview question for a Devops Engineer about AWS. The question should be scenario-based and require deep technical knowledge. End with a question mark.,You are starting a new DevOps Engineer project. Why would you choose AWS?
Generate a Medium technical interview question for a Data Analyst about Excel. The question should be scenario-based and require deep technical knowledge. End with a question mark.,What are common pitfalls when using Excel and how do you avoid them?
Generate a Hard technical interview question for a Backend Developer about MongoDB. The question should be scenario-based and require deep technical knowledge. End with a question mark.,Your MongoDB deployment is experiencing cascading failures across microservices. How do you isolate the root cause?
Generate a Easy technical interview question for a Backend Developer about Node.js. The question should be scenario-based and require deep technical knowledge. End with a question mark.,"If a junior developer asked you to explain Node.js, what real-world analogy would you use?"
Generate a Easy technical interview question for a Frontend Developer about CSS. The question should be scenario-based and require deep technical knowledge. End with a question mark.,A basic CSS function is returning None unexpectedly. How do you debug it?
Generate a Hard technical interview question for a Ml Engineer about Feature Engineering. The question should be scenario-based and require deep technical knowledge. End with a question mark.,You are the lead engineer on a e-commerce platform serving 5 million users. How would you architect Feature Engineering into the stack?
"Generate a Medium system design interview question for a Data Analyst focusing on Excel architecture, scalability, and system trade-offs. End with a question mark.",Design the database schema for a URL shortener that uses Excel as its data layer.
Generate a Hard technical interview question for a Backend Developer about Django. The question should be scenario-based and require deep technical knowledge. End with a question mark.,"How does Django ensure low read latency at scale, and what are its architectural limitations?"
Generate a Medium technical interview question for a Frontend Developer about Next.js. The question should be scenario-based and require deep technical knowledge. End with a question mark.,A memory leak is suspected in your Next.js application. How do you confirm and eliminate it?
Generate a Easy technical interview question for a Devops Engineer about Terraform. The question should be scenario-based and require deep technical knowledge. End with a question mark.,What problem does Terraform solve in software development?
"Generate a Medium system design interview question for a Frontend Developer focusing on Redux architecture, scalability, and system trade-offs. End with a question mark.",Design a analytics dashboard that uses Redux for audit logging. What components would you include?
"Generate a Medium system design interview question for a Backend Developer focusing on RabbitMQ architecture, scalability, and system trade-offs. End with a question mark.",Design the database schema for a e-commerce platform that uses RabbitMQ as its data layer.
"Generate a Easy behavioural interview question for a Frontend Developer about their past experience with TypeScript. Focus on leadership, conflict, or problem-solving. End with a question mark.",Tell me about a project where you used TypeScript.
Generate a Medium technical interview question for a Full Stack Developer about MongoDB. The question should be scenario-based and require deep technical knowledge. End with a question mark.,How does MongoDB handle authentication at scale in a production environment?
"Generate a Easy behavioural interview question for a Devops Engineer about their past experience with Linux. Focus on leadership, conflict, or problem-solving. End with a question mark.",Describe your experience learning Linux for the first time.
"Generate a Medium system design interview question for a Ml Engineer focusing on BERT architecture, scalability, and system trade-offs. End with a question mark.","How would you design a RESTful API using BERT that supports 10,000 concurrent users?"
Generate a Hard technical interview question for a Backend Developer about Redis. The question should be scenario-based and require deep technical knowledge. End with a question mark.,"How does Redis ensure high availability at scale, and what are its architectural limitations?"
"Generate a Medium behavioural interview question for a Ml Engineer about their past experience with PyTorch. Focus on leadership, conflict, or problem-solving. End with a question mark.",Tell me about a time you had to convince your team to adopt PyTorch. How did you make the case?
Generate a Medium technical interview question for a Data Analyst about NumPy. The question should be scenario-based and require deep technical knowledge. End with a question mark.,What are the trade-offs of using NumPy over alternatives?
Generate a Medium technical interview question for a Backend Developer about Redis. The question should be scenario-based and require deep technical knowledge. End with a question mark.,Explain how Redis works under the hood.
"Generate a Medium system design interview question for a Ml Engineer focusing on BERT architecture, scalability, and system trade-offs. End with a question mark.",Design the database schema for a real-time chat app that uses BERT as its data layer.
"Generate a Medium system design interview question for a Full Stack Developer focusing on MongoDB architecture, scalability, and system trade-offs. End with a question mark.",Design a notification service that uses MongoDB for session management. What components would you include?
Generate a Medium technical interview question for a Devops Engineer about Ansible. The question should be scenario-based and require deep technical knowledge. End with a question mark.,A Ansible application in production is consuming 90% CPU. How do you investigate and resolve this?
"Generate a Hard behavioural interview question for a Data Analyst about their past experience with NumPy. Focus on leadership, conflict, or problem-solving. End with a question mark.","Tell me about a time NumPy caused a production incident that affected users. How did you lead the resolution, and what did you change afterwards?"
Generate a Hard technical interview question for a Ml Engineer about Python. The question should be scenario-based and require deep technical knowledge. End with a question mark.,"How does Python ensure fault tolerance at scale, and what are its architectural limitations?"
Generate a Hard technical interview question for a Backend Developer about Python. The question should be scenario-based and require deep technical knowledge. End with a question mark.,"Compare Python with its closest alternative in terms of performance, scalability, and developer experience."
"Generate a Easy behavioural interview question for a Ml Engineer about their past experience with BERT. Focus on leadership, conflict, or problem-solving. End with a question mark.",Tell me about a project where you used BERT.
"Generate a Medium behavioural interview question for a Frontend Developer about their past experience with Vue.js. Focus on leadership, conflict, or problem-solving. End with a question mark.",Describe a challenging bug you solved using Vue.js. What was your thought process?
"Generate a Easy system design interview question for a Devops Engineer focusing on AWS architecture, scalability, and system trade-offs. End with a question mark.",How would you structure a basic project using AWS?
"Generate a Easy system design interview question for a Backend Developer focusing on Python architecture, scalability, and system trade-offs. End with a question mark.",How would you structure a basic project using Python?
"Generate a Easy system design interview question for a Devops Engineer focusing on CI/CD architecture, scalability, and system trade-offs. End with a question mark.",Design a simple todo app using CI/CD as the core technology.
"Generate a Medium system design interview question for a Backend Developer focusing on RabbitMQ architecture, scalability, and system trade-offs. End with a question mark.","How would you design a RESTful API using RabbitMQ that supports 10,000 concurrent users?"
"Generate a Easy system design interview question for a Data Analyst focusing on SQL architecture, scalability, and system trade-offs. End with a question mark.",How would you structure a basic project using SQL?
Generate a Medium technical interview question for a Ml Engineer about BERT. The question should be scenario-based and require deep technical knowledge. End with a question mark.,Users are reporting intermittent failures in a BERT service. How do you reproduce and fix the issue?
"Generate a Hard behavioural interview question for a Frontend Developer about their past experience with Webpack. Focus on leadership, conflict, or problem-solving. End with a question mark.",Describe a situation where you had to make a critical architectural decision involving Webpack under tight time pressure.
"Generate a Hard system design interview question for a Devops Engineer focusing on CI/CD architecture, scalability, and system trade-offs. End with a question mark.",Design a multi-region deployment of CI/CD for a global application with sub-100ms latency requirements.
Generate a Hard technical interview question for a Ml Engineer about PyTorch. The question should be scenario-based and require deep technical knowledge. End with a question mark.,You are the lead engineer on a analytics dashboard serving 5 million users. How would you architect PyTorch into the stack?
Generate a Medium technical interview question for a Full Stack Developer about GraphQL. The question should be scenario-based and require deep technical knowledge. End with a question mark.,Your team is migrating an existing system to use GraphQL. What is your migration plan?
Generate a Hard technical interview question for a Backend Developer about Docker. The question should be scenario-based and require deep technical knowledge. End with a question mark.,"How does Docker ensure fault tolerance at scale, and what are its architectural limitations?"
"Generate a Hard system design interview question for a Devops Engineer focusing on Jenkins architecture, scalability, and system trade-offs. End with a question mark.",Architect a fault-tolerant real-time chat app using Jenkins. How do you handle failures without data loss?
"Generate a Easy system design interview question for a Backend Developer focusing on Node.js architecture, scalability, and system trade-offs. End with a question mark.",Design a simple todo app using Node.js as the core technology.
