input,output
Generate a Easy Debugging question for a Backend Developer focusing on MongoDB,A basic MongoDB function is returning None unexpectedly. How do you debug it?
Generate a Hard Behavioural question for a DevOps Engineer focusing on AWS,"Tell me about a time AWS caused a production incident that affected users. How did you lead the resolution, and what did you change afterwards?"
Generate a Medium Scenario question for a Full Stack Developer focusing on GraphQL,How would you use GraphQL to handle rate limiting in a real-world application?
Generate a Easy Scenario question for a Backend Developer focusing on RabbitMQ,"If a junior developer asked you to explain RabbitMQ, what real-world analogy would you use?"
Generate a Hard Design question for a Frontend Developer focusing on CSS,Architect a fault-tolerant notification service using CSS. How do you handle failures without data loss?
Generate a Medium Scenario question for a Frontend Developer focusing on JavaScript,How would you use JavaScript to handle rate limiting in a real-world application?
Generate a Easy Design question for a Frontend Developer focusing on HTML5,Design a simple todo app using HTML5 as the core technology.
Generate a Hard Debugging question for a Full Stack Developer focusing on TypeScript,A race condition is occurring in your TypeScript setup under load. Describe your complete debugging and resolution strategy.
Generate a Easy Debugging question for a Frontend Developer focusing on TypeScript,Your TypeScript application is throwing an unhandled error on startup. What are your first steps?
Generate a Easy Conceptual question for a ML Engineer focusing on TensorFlow,Explain the basic concept of TensorFlow in simple terms.
Generate a Medium Debugging question for a Frontend Developer focusing on TypeScript,A memory leak is suspected in your TypeScript application. How do you confirm and eliminate it?
Generate a Medium Conceptual question for a Backend Developer focusing on MongoDB,How does MongoDB handle real-time data consistency in a production environment?
Generate a Hard Behavioural question for a Data Analyst focusing on Excel,"Tell me about a time Excel caused a production incident that affected users. How did you lead the resolution, and what did you change afterwards?"
Generate a Easy Conceptual question for a ML Engineer focusing on Feature Engineering,Explain the basic concept of Feature Engineering in simple terms.
Generate a Hard Behavioural question for a Backend Developer focusing on Django,Describe a situation where you had to make a critical architectural decision involving Django under tight time pressure.
Generate a Medium Scenario question for a Frontend Developer focusing on Redux,You are building a job scheduling system and need to integrate Redux. Walk me through your approach.
Generate a Hard Scenario question for a Full Stack Developer focusing on Next.js,You are the lead engineer on a e-commerce platform serving 5 million users. How would you architect Next.js into the stack?
Generate a Hard Behavioural question for a Frontend Developer focusing on HTML5,"Tell me about a time HTML5 caused a production incident that affected users. How did you lead the resolution, and what did you change afterwards?"
Generate a Medium Scenario question for a DevOps Engineer focusing on Docker,How would you use Docker to handle caching invalidation in a real-world application?
Generate a Easy Conceptual question for a Data Analyst focusing on SQL,What is SQL and why is it important for a Data Analyst?
Generate a Easy Conceptual question for a Backend Developer focusing on MongoDB,What is MongoDB and why is it important for a Backend Developer?
Generate a Easy Design question for a Backend Developer focusing on RabbitMQ,How would you structure a basic project using RabbitMQ?
Generate a Easy Debugging question for a Backend Developer focusing on Node.js,Your Node.js application is throwing an unhandled error on startup. What are your first steps?
Generate a Hard Design question for a Frontend Developer focusing on Redux,Design a highly scalable job scheduling system using Redux that handles 1 million events per second.
Generate a Hard Scenario question for a ML Engineer focusing on MLflow,A critical deadline is approaching and MLflow is causing unexpected connection pool exhaustion. How do you manage the situation?
Generate a Medium Scenario question for a Backend Developer focusing on Docker,How would you use Docker to handle real-time data consistency in a real-world application?
Generate a Hard Design question for a Data Analyst focusing on NumPy,Design a multi-region deployment of NumPy for a global application with sub-100ms latency requirements.
Generate a Hard Design question for a DevOps Engineer focusing on Terraform,Design a highly scalable notification service using Terraform that handles 1 million events per second.
Generate a Medium Behavioural question for a Frontend Developer focusing on JavaScript,Tell me about a time you had to convince your team to adopt JavaScript. How did you make the case?
Generate a Medium Debugging question for a Backend Developer focusing on Redis,A Redis application in production is consuming 90% CPU. How do you investigate and resolve this?
Generate a Easy Conceptual question for a Frontend Developer focusing on Vue.js,Explain the basic concept of Vue.js in simple terms.
Generate a Medium Design question for a ML Engineer focusing on MLflow,Design a e-commerce platform that uses MLflow for session management. What components would you include?
Generate a Hard Debugging question for a Data Analyst focusing on NumPy,Your NumPy deployment is experiencing cascading failures across microservices. How do you isolate the root cause?
Generate a Easy Debugging question for a Data Analyst focusing on Tableau,Your Tableau application is throwing an unhandled error on startup. What are your first steps?
Generate a Hard Design question for a DevOps Engineer focusing on Kubernetes,Design a multi-region deployment of Kubernetes for a global application with sub-100ms latency requirements.
Generate a Easy Behavioural question for a Backend Developer focusing on RabbitMQ,Describe your experience learning RabbitMQ for the first time.
Generate a Medium Behavioural question for a Full Stack Developer focusing on GraphQL,Tell me about a time you had to convince your team to adopt GraphQL. How did you make the case?
Generate a Hard Conceptual question for a Frontend Developer focusing on JavaScript,What are the internal memory management strategies used by JavaScript?
Generate a Medium Design question for a Data Analyst focusing on SQL,Design the database schema for a notification service that uses SQL as its data layer.
Generate a Hard Conceptual question for a Data Analyst focusing on Power BI,"How does Power BI ensure low read latency at scale, and what are its architectural limitations?"
Generate a Medium Behavioural question for a Frontend Developer focusing on TypeScript,Describe a challenging bug you solved using TypeScript. What was your thought process?
Generate a Hard Conceptual question for a Frontend Developer focusing on Webpack,"Compare Webpack with its closest alternative in terms of performance, scalability, and developer experience."
Generate a Hard Conceptual question for a ML Engineer focusing on Model Deployment,"Compare Model Deployment with its closest alternative in terms of performance, scalability, and developer experience."
Generate a Medium Scenario question for a ML Engineer focusing on MLflow,How would you use MLflow to handle real-time data consistency in a real-world application?
Generate a Easy Design question for a Full Stack Developer focusing on GraphQL,Design a simple todo app using GraphQL as the core technology.
Generate a Easy Scenario question for a Backend Developer focusing on MongoDB,"If a junior developer asked you to explain MongoDB, what real-world analogy would you use?"
Generate a Hard Behavioural question for a ML Engineer focusing on scikit-learn,"Tell me about a time scikit-learn caused a production incident that affected users. How did you lead the resolution, and what did you change afterwards?"
Generate a Hard Behavioural question for a Backend Developer focusing on RabbitMQ,Describe a situation where you had to make a critical architectural decision involving RabbitMQ under tight time pressure.
Generate a Hard Scenario question for a DevOps Engineer focusing on Ansible,You are the lead engineer on a e-commerce platform serving 5 million users. How would you architect Ansible into the stack?
Generate a Easy Behavioural question for a Frontend Developer focusing on Webpack,Tell me about a project where you used Webpack.
Generate a Easy Scenario question for a Backend Developer focusing on Redis,How would you use Redis to build a simple URL shortener?
Generate a Medium Design question for a Backend Developer focusing on Redis,Design a analytics dashboard that uses Redis for session management. What components would you include?
Generate a Hard Debugging question for a Backend Developer focusing on RabbitMQ,A race condition is occurring in your RabbitMQ setup under load. Describe your complete debugging and resolution strategy.
Generate a Easy Scenario question for a Frontend Developer focusing on JavaScript,You are starting a new Frontend Developer project. Why would you choose JavaScript?
Generate a Hard Debugging question for a Data Analyst focusing on Tableau,"A deadlock is occurring in your Tableau database layer during peak traffic. How do you detect, resolve, and prevent this?"
Generate a Easy Conceptual question for a Backend Developer focusing on RabbitMQ,Explain the basic concept of RabbitMQ in simple terms.
Generate a Hard Conceptual question for a Backend Developer focusing on PostgreSQL,What are the internal memory management strategies used by PostgreSQL?
Generate a Hard Behavioural question for a Data Analyst focusing on Tableau,"Tell me about a time Tableau caused a production incident that affected users. How did you lead the resolution, and what did you change afterwards?"
Generate a Easy Behavioural question for a ML Engineer focusing on scikit-learn,Describe your experience learning scikit-learn for the first time.
Generate a Medium Behavioural question for a Data Analyst focusing on Pandas,Describe a challenging bug you solved using Pandas. What was your thought process?
Generate a Medium Conceptual question for a Frontend Developer focusing on CSS,How does CSS handle rate limiting in a production environment?
Generate a Medium Debugging question for a Data Analyst focusing on NumPy,A NumPy application in production is consuming 90% CPU. How do you investigate and resolve this?
Generate a Easy Debugging question for a Frontend Developer focusing on Vue.js,A basic Vue.js function is returning None unexpectedly. How do you debug it?
Generate a Hard Design question for a ML Engineer focusing on MLflow,Architect a fault-tolerant analytics dashboard using MLflow. How do you handle failures without data loss?
Generate a Hard Behavioural question for a Backend Developer focusing on Docker,"Tell me about a time Docker caused a production incident that affected users. How did you lead the resolution, and what did you change afterwards?"
Generate a Easy Conceptual question for a Backend Developer focusing on Redis,Explain the basic concept of Redis in simple terms.
Generate a Medium Behavioural question for a Frontend Developer focusing on Redux,Describe a challenging bug you solved using Redux. What was your thought process?
Generate a Easy Scenario question for a Full Stack Developer focusing on MongoDB,How would you use MongoDB to build a simple notification service?
Generate a Hard Debugging question for a ML Engineer focusing on BERT,A race condition is occurring in your BERT setup under load. Describe your complete debugging and resolution strategy.
Generate a Hard Conceptual question for a Backend Developer focusing on RabbitMQ,"Compare RabbitMQ with its closest alternative in terms of performance, scalability, and developer experience."
Generate a Medium Debugging question for a ML Engineer focusing on Model Deployment,A Model Deployment application in production is consuming 90% CPU. How do you investigate and resolve this?
Generate a Hard Debugging question for a Full Stack Developer focusing on Next.js,A race condition is occurring in your Next.js setup under load. Describe your complete debugging and resolution strategy.
Generate a Easy Behavioural question for a Data Analyst focusing on SQL,Describe your experience learning SQL for the first time.
Generate a Hard Scenario question for a ML Engineer focusing on scikit-learn,Your URL shortener is experiencing data corruption at 10x normal traffic. How do you use scikit-learn to diagnose and resolve it?
Generate a Medium Design question for a Backend Developer focusing on Docker,"How would you design a RESTful API using Docker that supports 10,000 concurrent users?"
Generate a Hard Design question for a Frontend Developer focusing on Vue.js,Architect a fault-tolerant real-time chat app using Vue.js. How do you handle failures without data loss?
Generate a Easy Design question for a ML Engineer focusing on Feature Engineering,Design a simple todo app using Feature Engineering as the core technology.
Generate a Medium Scenario question for a DevOps Engineer focusing on Jenkins,Your team is migrating an existing system to use Jenkins. What is your migration plan?
Generate a Hard Debugging question for a DevOps Engineer focusing on Terraform,A race condition is occurring in your Terraform setup under load. Describe your complete debugging and resolution strategy.
Generate a Easy Scenario question for a Frontend Developer focusing on TypeScript,"If a junior developer asked you to explain TypeScript, what real-world analogy would you use?"
Generate a Hard Debugging question for a Backend Developer focusing on Python,A race condition is occurring in your Python setup under load. Describe your complete debugging and resolution strategy.
Generate a Medium Debugging question for a Backend Developer focusing on Django,A Django application in production is consuming 90% CPU. How do you investigate and resolve this?
Generate a Easy Debugging question for a Backend Developer focusing on Python,A basic Python function is returning None unexpectedly. How do you debug it?
Generate a Easy Conceptual question for a Backend Developer focusing on PostgreSQL,Explain the basic concept of PostgreSQL in simple terms.
Generate a Medium Design question for a Frontend Developer focusing on JavaScript,Design a real-time chat app that uses JavaScript for session management. What components would you include?
Generate a Hard Scenario question for a Data Analyst focusing on Pandas,A critical deadline is approaching and Pandas is causing unexpected memory leak. How do you manage the situation?
Generate a Easy Behavioural question for a DevOps Engineer focusing on Ansible,Describe your experience learning Ansible for the first time.
Generate a Easy Behavioural question for a DevOps Engineer focusing on Kubernetes,Describe your experience learning Kubernetes for the first time.
Generate a Medium Debugging question for a Data Analyst focusing on Python,A memory leak is suspected in your Python application. How do you confirm and eliminate it?
Generate a Hard Debugging question for a Backend Developer focusing on Python,Your Python deployment is experiencing cascading failures across microservices. How do you isolate the root cause?
Generate a Easy Conceptual question for a Backend Developer focusing on FastAPI,Explain the basic concept of FastAPI in simple terms.
Generate a Hard Conceptual question for a Full Stack Developer focusing on Docker,"How does Docker ensure low read latency at scale, and what are its architectural limitations?"
Generate a Medium Debugging question for a ML Engineer focusing on TensorFlow,A TensorFlow application in production is consuming 90% CPU. How do you investigate and resolve this?
Generate a Easy Design question for a ML Engineer focusing on scikit-learn,How would you structure a basic project using scikit-learn?
Generate a Medium Conceptual question for a ML Engineer focusing on scikit-learn,How does scikit-learn handle caching invalidation in a production environment?
Generate a Medium Design question for a Data Analyst focusing on Tableau,Design a job scheduling system that uses Tableau for session management. What components would you include?
Generate a Hard Design question for a Data Analyst focusing on SQL,Design a multi-region deployment of SQL for a global application with sub-100ms latency requirements.
Generate a Medium Conceptual question for a Backend Developer focusing on RabbitMQ,What are common pitfalls when using RabbitMQ and how do you avoid them?
Generate a Medium Conceptual question for a Data Analyst focusing on SQL,What are the trade-offs of using SQL over alternatives?
Generate a Medium Debugging question for a Full Stack Developer focusing on GraphQL,Users are reporting intermittent failures in a GraphQL service. How do you reproduce and fix the issue?
Generate a Hard Scenario question for a ML Engineer focusing on scikit-learn,You are the lead engineer on a notification service serving 5 million users. How would you architect scikit-learn into the stack?
Generate a Medium Behavioural question for a Data Analyst focusing on NumPy,Tell me about a time you had to convince your team to adopt NumPy. How did you make the case?
Generate a Easy Behavioural question for a Backend Developer focusing on Node.js,Tell me about a project where you used Node.js.
Generate a Medium Behavioural question for a DevOps Engineer focusing on CI/CD,Describe a challenging bug you solved using CI/CD. What was your thought process?
Generate a Easy Debugging question for a DevOps Engineer focusing on Kubernetes,A basic Kubernetes function is returning None unexpectedly. How do you debug it?
Generate a Hard Scenario question for a Backend Developer focusing on Docker,Your job scheduling system is experiencing high latency spikes at 10x normal traffic. How do you use Docker to diagnose and resolve it?
Generate a Easy Conceptual question for a Data Analyst focusing on Tableau,Explain the basic concept of Tableau in simple terms.
Generate a Easy Scenario question for a Backend Developer focusing on Node.js,"If a junior developer asked you to explain Node.js, what real-world analogy would you use?"
Generate a Hard Debugging question for a ML Engineer focusing on scikit-learn,Your scikit-learn deployment is experiencing cascading failures across microservices. How do you isolate the root cause?
Generate a Medium Debugging question for a DevOps Engineer focusing on CI/CD,A CI/CD application in production is consuming 90% CPU. How do you investigate and resolve this?
Generate a Easy Design question for a Backend Developer focusing on Redis,Design a simple todo app using Redis as the core technology.
Generate a Medium Behavioural question for a Backend Developer focusing on RabbitMQ,Describe a challenging bug you solved using RabbitMQ. What was your thought process?
Generate a Medium Scenario question for a Data Analyst focusing on NumPy,You are building a e-commerce platform and need to integrate NumPy. Walk me through your approach.
Generate a Hard Scenario question for a Backend Developer focusing on Django,Your job scheduling system is experiencing cascading timeouts at 10x normal traffic. How do you use Django to diagnose and resolve it?
Generate a Easy Behavioural question for a ML Engineer focusing on BERT,Describe your experience learning BERT for the first time.
Generate a Medium Debugging question for a ML Engineer focusing on scikit-learn,Users are reporting intermittent failures in a scikit-learn service. How do you reproduce and fix the issue?
Generate a Medium Design question for a ML Engineer focusing on TensorFlow,"How would you design a RESTful API using TensorFlow that supports 10,000 concurrent users?"
Generate a Hard Design question for a ML Engineer focusing on MLflow,Design a highly scalable analytics dashboard using MLflow that handles 1 million events per second.
Generate a Hard Conceptual question for a Frontend Developer focusing on Vue.js,"Compare Vue.js with its closest alternative in terms of performance, scalability, and developer experience."
Generate a Hard Design question for a Data Analyst focusing on Python,Design a multi-region deployment of Python for a global application with sub-100ms latency requirements.
Generate a Easy Design question for a ML Engineer focusing on MLflow,How would you structure a basic project using MLflow?
Generate a Easy Behavioural question for a DevOps Engineer focusing on AWS,Tell me about a project where you used AWS.
Generate a Easy Scenario question for a Backend Developer focusing on RabbitMQ,How would you use RabbitMQ to build a simple analytics dashboard?
Generate a Medium Debugging question for a Data Analyst focusing on Power BI,A memory leak is suspected in your Power BI application. How do you confirm and eliminate it?
Generate a Easy Debugging question for a DevOps Engineer focusing on Terraform,A basic Terraform function is returning None unexpectedly. How do you debug it?
Generate a Medium Debugging question for a Data Analyst focusing on Pandas,Users are reporting intermittent failures in a Pandas service. How do you reproduce and fix the issue?
Generate a Easy Design question for a Frontend Developer focusing on TypeScript,How would you structure a basic project using TypeScript?
Generate a Easy Debugging question for a Backend Developer focusing on FastAPI,Your FastAPI application is throwing an unhandled error on startup. What are your first steps?
Generate a Easy Design question for a ML Engineer focusing on BERT,Design a simple todo app using BERT as the core technology.
Generate a Medium Conceptual question for a Data Analyst focusing on Excel,What are common pitfalls when using Excel and how do you avoid them?
Generate a Hard Scenario question for a Frontend Developer focusing on Webpack,A critical deadline is approaching and Webpack is causing unexpected memory leak. How do you manage the situation?
Generate a Easy Debugging question for a DevOps Engineer focusing on Ansible,Your Ansible application is throwing an unhandled error on startup. What are your first steps?
Generate a Hard Design question for a DevOps Engineer focusing on Linux,Design a multi-region deployment of Linux for a global application with sub-100ms latency requirements.
Generate a Hard Behavioural question for a Frontend Developer focusing on JavaScript,Describe a situation where you had to make a critical architectural decision involving JavaScript under tight time pressure.
Generate a Easy Behavioural question for a Backend Developer focusing on MongoDB,Describe your experience learning MongoDB for the first time.
Generate a Hard Design question for a Full Stack Developer focusing on MongoDB,Design a multi-region deployment of MongoDB for a global application with sub-100ms latency requirements.
Generate a Hard Scenario question for a Frontend Developer focusing on React,A critical deadline is approaching and React is causing unexpected data corruption. How do you manage the situation?
Generate a Medium Debugging question for a Frontend Developer focusing on CSS,A memory leak is suspected in your CSS application. How do you confirm and eliminate it?
Generate a Easy Design question for a Frontend Developer focusing on Vue.js,Design a simple todo app using Vue.js as the core technology.
Generate a Medium Scenario question for a DevOps Engineer focusing on Jenkins,You are building a notification service and need to integrate Jenkins. Walk me through your approach.
Generate a Easy Scenario question for a Full Stack Developer focusing on React,You are starting a new Full Stack Developer project. Why would you choose React?
Generate a Easy Conceptual question for a DevOps Engineer focusing on Jenkins,What problem does Jenkins solve in software development?
Generate a Hard Conceptual question for a Data Analyst focusing on Power BI,What are the internal memory management strategies used by Power BI?
Generate a Easy Behavioural question for a Backend Developer focusing on MongoDB,Tell me about a project where you used MongoDB.
Generate a Easy Conceptual question for a Backend Developer focusing on REST API,Define REST API and its primary use case.
Generate a Hard Conceptual question for a Data Analyst focusing on Statistics,"How does Statistics ensure eventual consistency at scale, and what are its architectural limitations?"
Generate a Hard Debugging question for a Full Stack Developer focusing on GraphQL,"A deadlock is occurring in your GraphQL database layer during peak traffic. How do you detect, resolve, and prevent this?"
Generate a Medium Behavioural question for a DevOps Engineer focusing on Kubernetes,Describe a challenging bug you solved using Kubernetes. What was your thought process?
Generate a Easy Behavioural question for a Backend Developer focusing on Kafka,Describe your experience learning Kafka for the first time.
Generate a Medium Conceptual question for a Backend Developer focusing on FastAPI,What are common pitfalls when using FastAPI and how do you avoid them?
Generate a Easy Design question for a Data Analyst focusing on Pandas,How would you structure a basic project using Pandas?
Generate a Hard Behavioural question for a ML Engineer focusing on Feature Engineering,Describe a situation where you had to make a critical architectural decision involving Feature Engineering under tight time pressure.
Generate a Medium Scenario question for a ML Engineer focusing on Python,You are building a URL shortener and need to integrate Python. Walk me through your approach.
Generate a Hard Conceptual question for a Frontend Developer focusing on TypeScript,What are the internal memory management strategies used by TypeScript?
Generate a Medium Behavioural question for a DevOps Engineer focusing on Jenkins,Tell me about a time you had to convince your team to adopt Jenkins. How did you make the case?
Generate a Hard Debugging question for a DevOps Engineer focusing on AWS,Your AWS deployment is experiencing cascading failures across microservices. How do you isolate the root cause?
Generate a Hard Conceptual question for a DevOps Engineer focusing on AWS,"How does AWS ensure horizontal scalability at scale, and what are its architectural limitations?"
Generate a Hard Scenario question for a DevOps Engineer focusing on Linux,A critical deadline is approaching and Linux is causing unexpected memory leak. How do you manage the situation?
Generate a Hard Scenario question for a ML Engineer focusing on Feature Engineering,A critical deadline is approaching and Feature Engineering is causing unexpected high latency spikes. How do you manage the situation?
Generate a Medium Conceptual question for a ML Engineer focusing on TensorFlow,What are the trade-offs of using TensorFlow over alternatives?
Generate a Easy Conceptual question for a Data Analyst focusing on NumPy,What is NumPy and why is it important for a Data Analyst?
Generate a Medium Scenario question for a Data Analyst focusing on Tableau,Your team is migrating an existing system to use Tableau. What is your migration plan?
Generate a Easy Behavioural question for a Backend Developer focusing on REST API,Tell me about a project where you used REST API.
Generate a Easy Conceptual question for a Backend Developer focusing on Python,Explain the basic concept of Python in simple terms.
Generate a Hard Scenario question for a Data Analyst focusing on NumPy,A critical deadline is approaching and NumPy is causing unexpected data corruption. How do you manage the situation?
Generate a Easy Scenario question for a Data Analyst focusing on Statistics,You are starting a new Data Analyst project. Why would you choose Statistics?
Generate a Medium Behavioural question for a DevOps Engineer focusing on CI/CD,Tell me about a time you had to convince your team to adopt CI/CD. How did you make the case?
Generate a Medium Debugging question for a Backend Developer focusing on FastAPI,Users are reporting intermittent failures in a FastAPI service. How do you reproduce and fix the issue?
Generate a Medium Scenario question for a ML Engineer focusing on Model Deployment,Your team is migrating an existing system to use Model Deployment. What is your migration plan?
Generate a Easy Scenario question for a Backend Developer focusing on FastAPI,You are starting a new Backend Developer project. Why would you choose FastAPI?
Generate a Medium Scenario question for a DevOps Engineer focusing on Ansible,How would you use Ansible to handle real-time data consistency in a real-world application?
Generate a Easy Design question for a ML Engineer focusing on PyTorch,Design a simple todo app using PyTorch as the core technology.
Generate a Medium Scenario question for a Frontend Developer focusing on HTML5,Your team is migrating an existing system to use HTML5. What is your migration plan?
Generate a Hard Behavioural question for a Data Analyst focusing on Statistics,"Tell me about a time Statistics caused a production incident that affected users. How did you lead the resolution, and what did you change afterwards?"
Generate a Medium Behavioural question for a ML Engineer focusing on MLflow,Describe a challenging bug you solved using MLflow. What was your thought process?
Generate a Hard Debugging question for a Data Analyst focusing on Power BI,Your Power BI deployment is experiencing cascading failures across microservices. How do you isolate the root cause?
Generate a Hard Scenario question for a DevOps Engineer focusing on Ansible,Your URL shortener is experiencing memory leak at 10x normal traffic. How do you use Ansible to diagnose and resolve it?
Generate a Medium Debugging question for a Frontend Developer focusing on HTML5,A HTML5 application in production is consuming 90% CPU. How do you investigate and resolve this?
Generate a Medium Debugging question for a DevOps Engineer focusing on AWS,Users are reporting intermittent failures in a AWS service. How do you reproduce and fix the issue?
Generate a Easy Scenario question for a ML Engineer focusing on Model Deployment,How would you use Model Deployment to build a simple job scheduling system?
Generate a Easy Conceptual question for a Full Stack Developer focusing on MongoDB,Define MongoDB and its primary use case.
Generate a Medium Design question for a Backend Developer focusing on MongoDB,Design the database schema for a URL shortener that uses MongoDB as its data layer.
Generate a Easy Design question for a Data Analyst focusing on Tableau,How would you structure a basic project using Tableau?
Generate a Easy Behavioural question for a Data Analyst focusing on Pandas,Tell me about a project where you used Pandas.
Generate a Hard Behavioural question for a ML Engineer focusing on PyTorch,"Tell me about a time PyTorch caused a production incident that affected users. How did you lead the resolution, and what did you change afterwards?"
Generate a Medium Behavioural question for a Backend Developer focusing on MongoDB,Tell me about a time you had to convince your team to adopt MongoDB. How did you make the case?
Generate a Hard Debugging question for a Frontend Developer focusing on JavaScript,A race condition is occurring in your JavaScript setup under load. Describe your complete debugging and resolution strategy.
Generate a Hard Design question for a Full Stack Developer focusing on GraphQL,Design a multi-region deployment of GraphQL for a global application with sub-100ms latency requirements.
Generate a Easy Conceptual question for a DevOps Engineer focusing on Terraform,Explain the basic concept of Terraform in simple terms.
Generate a Medium Behavioural question for a Backend Developer focusing on RabbitMQ,Tell me about a time you had to convince your team to adopt RabbitMQ. How did you make the case?
Generate a Medium Scenario question for a ML Engineer focusing on BERT,How would you use BERT to handle rate limiting in a real-world application?
Generate a Medium Scenario question for a Backend Developer focusing on REST API,Your team is migrating an existing system to use REST API. What is your migration plan?
Generate a Medium Conceptual question for a Full Stack Developer focusing on Node.js,What are the trade-offs of using Node.js over alternatives?
Generate a Medium Scenario question for a Backend Developer focusing on RabbitMQ,Your team is migrating an existing system to use RabbitMQ. What is your migration plan?
Generate a Hard Debugging question for a Frontend Developer focusing on TypeScript,Your TypeScript deployment is experiencing cascading failures across microservices. How do you isolate the root cause?
Generate a Easy Scenario question for a Frontend Developer focusing on Next.js,You are starting a new Frontend Developer project. Why would you choose Next.js?
Generate a Medium Scenario question for a ML Engineer focusing on Model Deployment,You are building a e-commerce platform and need to integrate Model Deployment. Walk me through your approach.
Generate a Hard Scenario question for a Data Analyst focusing on Excel,A critical deadline is approaching and Excel is causing unexpected connection pool exhaustion. How do you manage the situation?
Generate a Easy Behavioural question for a Backend Developer focusing on Docker,Tell me about a project where you used Docker.
Generate a Easy Conceptual question for a Backend Developer focusing on Docker,What is Docker and why is it important for a Backend Developer?
Generate a Medium Debugging question for a ML Engineer focusing on MLflow,Users are reporting intermittent failures in a MLflow service. How do you reproduce and fix the issue?
Generate a Hard Scenario question for a Full Stack Developer focusing on Node.js,A critical deadline is approaching and Node.js is causing unexpected cascading timeouts. How do you manage the situation?
Generate a Medium Debugging question for a Backend Developer focusing on Node.js,A memory leak is suspected in your Node.js application. How do you confirm and eliminate it?
Generate a Hard Conceptual question for a DevOps Engineer focusing on Docker,"Compare Docker with its closest alternative in terms of performance, scalability, and developer experience."
Generate a Hard Conceptual question for a Backend Developer focusing on Kafka,"Compare Kafka with its closest alternative in terms of performance, scalability, and developer experience."
Generate a Easy Behavioural question for a Frontend Developer focusing on Next.js,Describe your experience learning Next.js for the first time.
Generate a Easy Conceptual question for a DevOps Engineer focusing on Kubernetes,What are the main features of Kubernetes?
Generate a Easy Scenario question for a Backend Developer focusing on MongoDB,You are starting a new Backend Developer project. Why would you choose MongoDB?
Generate a Easy Behavioural question for a Backend Developer focusing on Kafka,Tell me about a project where you used Kafka.
Generate a Easy Scenario question for a Full Stack Developer focusing on Node.js,How would you use Node.js to build a simple URL shortener?
Generate a Medium Design question for a Frontend Developer focusing on Vue.js,Design the database schema for a job scheduling system that uses Vue.js as its data layer.
Generate a Medium Scenario question for a Data Analyst focusing on Pandas,How would you use Pandas to handle caching invalidation in a real-world application?
Generate a Hard Behavioural question for a Backend Developer focusing on REST API,Describe a situation where you had to make a critical architectural decision involving REST API under tight time pressure.
Generate a Hard Design question for a Frontend Developer focusing on Redux,Design a multi-region deployment of Redux for a global application with sub-100ms latency requirements.
Generate a Medium Behavioural question for a ML Engineer focusing on scikit-learn,Describe a challenging bug you solved using scikit-learn. What was your thought process?
Generate a Easy Conceptual question for a ML Engineer focusing on PyTorch,Explain the basic concept of PyTorch in simple terms.
Generate a Hard Debugging question for a Frontend Developer focusing on Webpack,"A deadlock is occurring in your Webpack database layer during peak traffic. How do you detect, resolve, and prevent this?"
Generate a Medium Behavioural question for a DevOps Engineer focusing on AWS,Tell me about a time you had to convince your team to adopt AWS. How did you make the case?
Generate a Easy Debugging question for a Data Analyst focusing on Power BI,Your Power BI application is throwing an unhandled error on startup. What are your first steps?
Generate a Medium Debugging question for a Data Analyst focusing on Excel,Users are reporting intermittent failures in a Excel service. How do you reproduce and fix the issue?
Generate a Hard Debugging question for a DevOps Engineer focusing on Linux,Your Linux deployment is experiencing cascading failures across microservices. How do you isolate the root cause?
Generate a Hard Behavioural question for a Frontend Developer focusing on React,Describe a situation where you had to make a critical architectural decision involving React under tight time pressure.
Generate a Medium Conceptual question for a Frontend Developer focusing on Webpack,What are the trade-offs of using Webpack over alternatives?
Generate a Hard Scenario question for a Backend Developer focusing on Node.js,You are the lead engineer on a real-time chat app serving 5 million users. How would you architect Node.js into the stack?
Generate a Hard Behavioural question for a Frontend Developer focusing on Webpack,"Tell me about a time Webpack caused a production incident that affected users. How did you lead the resolution, and what did you change afterwards?"
Generate a Medium Behavioural question for a Backend Developer focusing on Python,Tell me about a time you had to convince your team to adopt Python. How did you make the case?
Generate a Easy Debugging question for a DevOps Engineer focusing on Jenkins,Your Jenkins application is throwing an unhandled error on startup. What are your first steps?
Generate a Easy Conceptual question for a Frontend Developer focusing on JavaScript,What problem does JavaScript solve in software development?
Generate a Hard Scenario question for a Backend Developer focusing on Redis,You are the lead engineer on a analytics dashboard serving 5 million users. How would you architect Redis into the stack?
Generate a Easy Conceptual question for a Frontend Developer focusing on Webpack,Define Webpack and its primary use case.
Generate a Medium Scenario question for a Data Analyst focusing on Excel,Your team is migrating an existing system to use Excel. What is your migration plan?
Generate a Hard Design question for a ML Engineer focusing on Feature Engineering,Design a highly scalable real-time chat app using Feature Engineering that handles 1 million events per second.
Generate a Medium Conceptual question for a Backend Developer focusing on Redis,What are the trade-offs of using Redis over alternatives?
Generate a Hard Behavioural question for a Data Analyst focusing on NumPy,"Tell me about a time NumPy caused a production incident that affected users. How did you lead the resolution, and what did you change afterwards?"
Generate a Medium Conceptual question for a Frontend Developer focusing on Webpack,Explain how Webpack works under the hood.
Generate a Hard Conceptual question for a Full Stack Developer focusing on Node.js,"Compare Node.js with its closest alternative in terms of performance, scalability, and developer experience."
Generate a Hard Scenario question for a Full Stack Developer focusing on GraphQL,A critical deadline is approaching and GraphQL is causing unexpected high latency spikes. How do you manage the situation?
Generate a Medium Scenario question for a DevOps Engineer focusing on CI/CD,You are building a real-time chat app and need to integrate CI/CD. Walk me through your approach.
Generate a Medium Conceptual question for a Frontend Developer focusing on TypeScript,How does TypeScript handle real-time data consistency in a production environment?
Generate a Easy Debugging question for a DevOps Engineer focusing on Terraform,Your Terraform application is throwing an unhandled error on startup. What are your first steps?
Generate a Medium Design question for a Backend Developer focusing on REST API,"How would you design a RESTful API using REST API that supports 10,000 concurrent users?"
Generate a Medium Debugging question for a DevOps Engineer focusing on CI/CD,Users are reporting intermittent failures in a CI/CD service. How do you reproduce and fix the issue?
Generate a Easy Behavioural question for a ML Engineer focusing on PyTorch,Describe your experience learning PyTorch for the first time.
Generate a Hard Behavioural question for a Backend Developer focusing on REST API,"Tell me about a time REST API caused a production incident that affected users. How did you lead the resolution, and what did you change afterwards?"
Generate a Easy Scenario question for a Data Analyst focusing on NumPy,You are starting a new Data Analyst project. Why would you choose NumPy?
Generate a Easy Conceptual question for a DevOps Engineer focusing on Docker,Define Docker and its primary use case.
Generate a Medium Scenario question for a Backend Developer focusing on Node.js,You are building a job scheduling system and need to integrate Node.js. Walk me through your approach.
Generate a Medium Behavioural question for a Frontend Developer focusing on Vue.js,Tell me about a time you had to convince your team to adopt Vue.js. How did you make the case?
Generate a Medium Design question for a Full Stack Developer focusing on GraphQL,Design the database schema for a URL shortener that uses GraphQL as its data layer.
Generate a Easy Scenario question for a DevOps Engineer focusing on Docker,How would you use Docker to build a simple analytics dashboard?
Generate a Easy Design question for a Data Analyst focusing on Power BI,How would you structure a basic project using Power BI?
Generate a Medium Behavioural question for a Frontend Developer focusing on HTML5,Describe a challenging bug you solved using HTML5. What was your thought process?
Generate a Medium Behavioural question for a Frontend Developer focusing on JavaScript,Describe a challenging bug you solved using JavaScript. What was your thought process?
Generate a Hard Debugging question for a ML Engineer focusing on Feature Engineering,"A deadlock is occurring in your Feature Engineering database layer during peak traffic. How do you detect, resolve, and prevent this?"
Generate a Hard Scenario question for a Frontend Developer focusing on CSS,You are the lead engineer on a real-time chat app serving 5 million users. How would you architect CSS into the stack?
Generate a Easy Design question for a Frontend Developer focusing on Redux,How would you structure a basic project using Redux?
Generate a Hard Debugging question for a DevOps Engineer focusing on Kubernetes,Your Kubernetes deployment is experiencing cascading failures across microservices. How do you isolate the root cause?
Generate a Easy Scenario question for a Backend Developer focusing on Kafka,You are starting a new Backend Developer project. Why would you choose Kafka?
Generate a Easy Design question for a Backend Developer focusing on Python,Design a simple todo app using Python as the core technology.
Generate a Hard Conceptual question for a Full Stack Developer focusing on GraphQL,"How does GraphQL ensure fault tolerance at scale, and what are its architectural limitations?"
Generate a Hard Debugging question for a Backend Developer focusing on FastAPI,Your FastAPI deployment is experiencing cascading failures across microservices. How do you isolate the root cause?
Generate a Medium Scenario question for a Data Analyst focusing on Python,How would you use Python to handle high concurrency in a real-world application?
Generate a Easy Design question for a DevOps Engineer focusing on Kubernetes,Design a simple todo app using Kubernetes as the core technology.
Generate a Easy Scenario question for a Backend Developer focusing on Kafka,How would you use Kafka to build a simple URL shortener?
Generate a Medium Scenario question for a Backend Developer focusing on FastAPI,Your team is migrating an existing system to use FastAPI. What is your migration plan?
Generate a Medium Debugging question for a DevOps Engineer focusing on Jenkins,A memory leak is suspected in your Jenkins application. How do you confirm and eliminate it?
Generate a Hard Design question for a Backend Developer focusing on Docker,Architect a fault-tolerant job scheduling system using Docker. How do you handle failures without data loss?
Generate a Medium Conceptual question for a DevOps Engineer focusing on Linux,How does Linux handle rate limiting in a production environment?
Generate a Hard Conceptual question for a DevOps Engineer focusing on AWS,"Compare AWS with its closest alternative in terms of performance, scalability, and developer experience."
Generate a Easy Behavioural question for a DevOps Engineer focusing on Jenkins,Describe your experience learning Jenkins for the first time.
Generate a Hard Debugging question for a Data Analyst focusing on Pandas,A race condition is occurring in your Pandas setup under load. Describe your complete debugging and resolution strategy.
Generate a Hard Debugging question for a Backend Developer focusing on REST API,A race condition is occurring in your REST API setup under load. Describe your complete debugging and resolution strategy.
Generate a Medium Scenario question for a Full Stack Developer focusing on Node.js,How would you use Node.js to handle authentication at scale in a real-world application?
Generate a Medium Behavioural question for a Backend Developer focusing on Django,Describe a challenging bug you solved using Django. What was your thought process?
Generate a Easy Scenario question for a Frontend Developer focusing on Vue.js,How would you use Vue.js to build a simple URL shortener?
Generate a Hard Conceptual question for a Data Analyst focusing on Tableau,"Compare Tableau with its closest alternative in terms of performance, scalability, and developer experience."
Generate a Easy Scenario question for a Full Stack Developer focusing on Docker,You are starting a new Full Stack Developer project. Why would you choose Docker?
Generate a Hard Scenario question for a Data Analyst focusing on SQL,You are the lead engineer on a analytics dashboard serving 5 million users. How would you architect SQL into the stack?
Generate a Medium Behavioural question for a ML Engineer focusing on Feature Engineering,Tell me about a time you had to convince your team to adopt Feature Engineering. How did you make the case?
Generate a Medium Design question for a Backend Developer focusing on PostgreSQL,"How would you design a RESTful API using PostgreSQL that supports 10,000 concurrent users?"
Generate a Medium Debugging question for a Data Analyst focusing on SQL,Users are reporting intermittent failures in a SQL service. How do you reproduce and fix the issue?
Generate a Hard Design question for a Frontend Developer focusing on JavaScript,Design a highly scalable URL shortener using JavaScript that handles 1 million events per second.
Generate a Medium Design question for a Backend Developer focusing on RabbitMQ,"How would you design a RESTful API using RabbitMQ that supports 10,000 concurrent users?"
Generate a Hard Conceptual question for a Data Analyst focusing on Pandas,What are the internal memory management strategies used by Pandas?
Generate a Medium Behavioural question for a Frontend Developer focusing on CSS,Describe a challenging bug you solved using CSS. What was your thought process?
Generate a Medium Design question for a Data Analyst focusing on Statistics,"How would you design a RESTful API using Statistics that supports 10,000 concurrent users?"
Generate a Hard Conceptual question for a Backend Developer focusing on Kafka,"How does Kafka ensure fault tolerance at scale, and what are its architectural limitations?"
Generate a Medium Debugging question for a Data Analyst focusing on Tableau,Users are reporting intermittent failures in a Tableau service. How do you reproduce and fix the issue?
Generate a Medium Design question for a DevOps Engineer focusing on Terraform,Design a URL shortener that uses Terraform for message queuing. What components would you include?
Generate a Easy Debugging question for a DevOps Engineer focusing on Linux,A basic Linux function is returning None unexpectedly. How do you debug it?
Generate a Medium Behavioural question for a DevOps Engineer focusing on Ansible,Describe a challenging bug you solved using Ansible. What was your thought process?
Generate a Medium Debugging question for a Backend Developer focusing on Python,A Python application in production is consuming 90% CPU. How do you investigate and resolve this?
Generate a Easy Design question for a ML Engineer focusing on Model Deployment,How would you structure a basic project using Model Deployment?
Generate a Hard Design question for a Full Stack Developer focusing on React,Architect a fault-tolerant job scheduling system using React. How do you handle failures without data loss?
Generate a Easy Design question for a DevOps Engineer focusing on Linux,Design a simple todo app using Linux as the core technology.
Generate a Easy Scenario question for a Backend Developer focusing on Django,You are starting a new Backend Developer project. Why would you choose Django?
Generate a Hard Behavioural question for a DevOps Engineer focusing on Jenkins,Describe a situation where you had to make a critical architectural decision involving Jenkins under tight time pressure.
Generate a Hard Conceptual question for a Frontend Developer focusing on Redux,What are the internal memory management strategies used by Redux?
Generate a Medium Conceptual question for a Data Analyst focusing on Statistics,What are common pitfalls when using Statistics and how do you avoid them?
Generate a Hard Conceptual question for a Backend Developer focusing on Docker,"How does Docker ensure horizontal scalability at scale, and what are its architectural limitations?"
Generate a Hard Behavioural question for a Frontend Developer focusing on HTML5,Describe a situation where you had to make a critical architectural decision involving HTML5 under tight time pressure.
Generate a Hard Scenario question for a ML Engineer focusing on BERT,A critical deadline is approaching and BERT is causing unexpected memory leak. How do you manage the situation?
Generate a Hard Conceptual question for a Frontend Developer focusing on Next.js,"Compare Next.js with its closest alternative in terms of performance, scalability, and developer experience."
Generate a Easy Behavioural question for a DevOps Engineer focusing on Jenkins,Tell me about a project where you used Jenkins.
Generate a Easy Scenario question for a Data Analyst focusing on Excel,"If a junior developer asked you to explain Excel, what real-world analogy would you use?"
Generate a Medium Behavioural question for a Backend Developer focusing on MongoDB,Describe a challenging bug you solved using MongoDB. What was your thought process?
Generate a Easy Debugging question for a Backend Developer focusing on Redis,Your Redis application is throwing an unhandled error on startup. What are your first steps?
Generate a Medium Behavioural question for a Frontend Developer focusing on HTML5,Tell me about a time you had to convince your team to adopt HTML5. How did you make the case?
Generate a Medium Scenario question for a DevOps Engineer focusing on Kubernetes,How would you use Kubernetes to handle real-time data consistency in a real-world application?
Generate a Medium Debugging question for a Backend Developer focusing on Docker,A memory leak is suspected in your Docker application. How do you confirm and eliminate it?
Generate a Medium Scenario question for a ML Engineer focusing on MLflow,Your team is migrating an existing system to use MLflow. What is your migration plan?
Generate a Medium Conceptual question for a Frontend Developer focusing on React,Explain how React works under the hood.
Generate a Hard Debugging question for a Frontend Developer focusing on Next.js,"A deadlock is occurring in your Next.js database layer during peak traffic. How do you detect, resolve, and prevent this?"
Generate a Hard Conceptual question for a Backend Developer focusing on PostgreSQL,"Compare PostgreSQL with its closest alternative in terms of performance, scalability, and developer experience."
Generate a Medium Scenario question for a Backend Developer focusing on Python,Your team is migrating an existing system to use Python. What is your migration plan?
Generate a Hard Behavioural question for a Backend Developer focusing on Python,Describe a situation where you had to make a critical architectural decision involving Python under tight time pressure.
Generate a Hard Debugging question for a ML Engineer focusing on Feature Engineering,Your Feature Engineering deployment is experiencing cascading failures across microservices. How do you isolate the root cause?
Generate a Hard Conceptual question for a Backend Developer focusing on Python,"How does Python ensure low read latency at scale, and what are its architectural limitations?"
Generate a Easy Behavioural question for a ML Engineer focusing on TensorFlow,Describe your experience learning TensorFlow for the first time.
Generate a Medium Behavioural question for a Data Analyst focusing on Statistics,Tell me about a time you had to convince your team to adopt Statistics. How did you make the case?
Generate a Hard Scenario question for a Backend Developer focusing on PostgreSQL,A critical deadline is approaching and PostgreSQL is causing unexpected connection pool exhaustion. How do you manage the situation?
Generate a Easy Design question for a Backend Developer focusing on MongoDB,How would you structure a basic project using MongoDB?
Generate a Medium Conceptual question for a Backend Developer focusing on REST API,Explain how REST API works under the hood.
Generate a Hard Scenario question for a Full Stack Developer focusing on Docker,You are the lead engineer on a notification service serving 5 million users. How would you architect Docker into the stack?
Generate a Medium Scenario question for a ML Engineer focusing on PyTorch,How would you use PyTorch to handle rate limiting in a real-world application?
Generate a Medium Scenario question for a Backend Developer focusing on MongoDB,Your team is migrating an existing system to use MongoDB. What is your migration plan?
Generate a Medium Design question for a Frontend Developer focusing on Next.js,Design a analytics dashboard that uses Next.js for session management. What components would you include?
Generate a Medium Design question for a DevOps Engineer focusing on CI/CD,"How would you design a RESTful API using CI/CD that supports 10,000 concurrent users?"
Generate a Easy Scenario question for a ML Engineer focusing on TensorFlow,"If a junior developer asked you to explain TensorFlow, what real-world analogy would you use?"
Generate a Medium Behavioural question for a ML Engineer focusing on TensorFlow,Describe a challenging bug you solved using TensorFlow. What was your thought process?
Generate a Medium Scenario question for a Backend Developer focusing on Kafka,How would you use Kafka to handle caching invalidation in a real-world application?
Generate a Medium Conceptual question for a DevOps Engineer focusing on Kubernetes,Explain how Kubernetes works under the hood.
Generate a Medium Behavioural question for a Backend Developer focusing on Kafka,Describe a challenging bug you solved using Kafka. What was your thought process?
Generate a Easy Behavioural question for a Frontend Developer focusing on Redux,Tell me about a project where you used Redux.
Generate a Hard Design question for a ML Engineer focusing on TensorFlow,Design a highly scalable e-commerce platform using TensorFlow that handles 1 million events per second.
Generate a Hard Debugging question for a Full Stack Developer focusing on Docker,Your Docker deployment is experiencing cascading failures across microservices. How do you isolate the root cause?
Generate a Easy Scenario question for a Data Analyst focusing on Excel,How would you use Excel to build a simple URL shortener?
Generate a Hard Behavioural question for a ML Engineer focusing on TensorFlow,"Tell me about a time TensorFlow caused a production incident that affected users. How did you lead the resolution, and what did you change afterwards?"
Generate a Medium Conceptual question for a DevOps Engineer focusing on AWS,Explain how AWS works under the hood.
Generate a Medium Scenario question for a Backend Developer focusing on MongoDB,You are building a job scheduling system and need to integrate MongoDB. Walk me through your approach.
Generate a Medium Behavioural question for a Data Analyst focusing on Statistics,Describe a challenging bug you solved using Statistics. What was your thought process?
Generate a Hard Design question for a Backend Developer focusing on Django,Design a highly scalable job scheduling system using Django that handles 1 million events per second.
Generate a Medium Debugging question for a Data Analyst focusing on Statistics,A memory leak is suspected in your Statistics application. How do you confirm and eliminate it?
Generate a Hard Behavioural question for a DevOps Engineer focusing on Jenkins,"Tell me about a time Jenkins caused a production incident that affected users. How did you lead the resolution, and what did you change afterwards?"
Generate a Easy Design question for a Data Analyst focusing on NumPy,How would you structure a basic project using NumPy?
Generate a Easy Debugging question for a Frontend Developer focusing on CSS,Your CSS application is throwing an unhandled error on startup. What are your first steps?
Generate a Hard Design question for a Backend Developer focusing on PostgreSQL,Design a multi-region deployment of PostgreSQL for a global application with sub-100ms latency requirements.
Generate a Hard Conceptual question for a Backend Developer focusing on Docker,What are the internal memory management strategies used by Docker?
Generate a Hard Design question for a Backend Developer focusing on Django,Architect a fault-tolerant analytics dashboard using Django. How do you handle failures without data loss?
Generate a Medium Behavioural question for a Data Analyst focusing on Excel,Tell me about a time you had to convince your team to adopt Excel. How did you make the case?
Generate a Easy Debugging question for a Frontend Developer focusing on Redux,Your Redux application is throwing an unhandled error on startup. What are your first steps?
Generate a Hard Debugging question for a ML Engineer focusing on BERT,"A deadlock is occurring in your BERT database layer during peak traffic. How do you detect, resolve, and prevent this?"
Generate a Hard Design question for a Full Stack Developer focusing on React,Design a highly scalable notification service using React that handles 1 million events per second.
Generate a Medium Conceptual question for a Data Analyst focusing on Python,What are common pitfalls when using Python and how do you avoid them?
Generate a Medium Conceptual question for a Backend Developer focusing on Redis,Explain how Redis works under the hood.
Generate a Medium Debugging question for a Backend Developer focusing on Django,Users are reporting intermittent failures in a Django service. How do you reproduce and fix the issue?
Generate a Hard Design question for a Data Analyst focusing on Excel,Design a multi-region deployment of Excel for a global application with sub-100ms latency requirements.
Generate a Hard Scenario question for a Backend Developer focusing on FastAPI,You are the lead engineer on a analytics dashboard serving 5 million users. How would you architect FastAPI into the stack?
Generate a Easy Debugging question for a DevOps Engineer focusing on AWS,Your AWS application is throwing an unhandled error on startup. What are your first steps?
Generate a Easy Design question for a Backend Developer focusing on PostgreSQL,Design a simple todo app using PostgreSQL as the core technology.
Generate a Hard Design question for a Backend Developer focusing on RabbitMQ,Design a multi-region deployment of RabbitMQ for a global application with sub-100ms latency requirements.
Generate a Easy Behavioural question for a Backend Developer focusing on Node.js,Describe your experience learning Node.js for the first time.
Generate a Hard Design question for a DevOps Engineer focusing on Kubernetes,Architect a fault-tolerant e-commerce platform using Kubernetes. How do you handle failures without data loss?
Generate a Easy Scenario question for a ML Engineer focusing on PyTorch,How would you use PyTorch to build a simple URL shortener?
Generate a Medium Scenario question for a DevOps Engineer focusing on Ansible,You are building a job scheduling system and need to integrate Ansible. Walk me through your approach.
Generate a Easy Conceptual question for a Data Analyst focusing on SQL,Explain the basic concept of SQL in simple terms.
Generate a Hard Conceptual question for a Data Analyst focusing on Excel,"Compare Excel with its closest alternative in terms of performance, scalability, and developer experience."
Generate a Easy Debugging question for a Full Stack Developer focusing on GraphQL,Your GraphQL application is throwing an unhandled error on startup. What are your first steps?
Generate a Hard Scenario question for a Backend Developer focusing on Docker,A critical deadline is approaching and Docker is causing unexpected high latency spikes. How do you manage the situation?
Generate a Easy Design question for a Frontend Developer focusing on Next.js,How would you structure a basic project using Next.js?
Generate a Hard Behavioural question for a Frontend Developer focusing on Redux,Describe a situation where you had to make a critical architectural decision involving Redux under tight time pressure.
Generate a Medium Debugging question for a Backend Developer focusing on Python,Users are reporting intermittent failures in a Python service. How do you reproduce and fix the issue?
Generate a Easy Behavioural question for a ML Engineer focusing on Model Deployment,Describe your experience learning Model Deployment for the first time.
Generate a Medium Design question for a ML Engineer focusing on PyTorch,Design a job scheduling system that uses PyTorch for caching. What components would you include?
Generate a Hard Design question for a Backend Developer focusing on Python,Design a highly scalable notification service using Python that handles 1 million events per second.
Generate a Easy Behavioural question for a Data Analyst focusing on Power BI,Tell me about a project where you used Power BI.
Generate a Easy Debugging question for a Data Analyst focusing on SQL,A basic SQL function is returning None unexpectedly. How do you debug it?
Generate a Hard Conceptual question for a Backend Developer focusing on Redis,"Compare Redis with its closest alternative in terms of performance, scalability, and developer experience."
Generate a Easy Debugging question for a Data Analyst focusing on Tableau,A basic Tableau function is returning None unexpectedly. How do you debug it?
Generate a Hard Conceptual question for a DevOps Engineer focusing on CI/CD,What are the internal memory management strategies used by CI/CD?
Generate a Hard Behavioural question for a Frontend Developer focusing on TypeScript,"Tell me about a time TypeScript caused a production incident that affected users. How did you lead the resolution, and what did you change afterwards?"
Generate a Easy Debugging question for a ML Engineer focusing on Model Deployment,Your Model Deployment application is throwing an unhandled error on startup. What are your first steps?
Generate a Hard Conceptual question for a Data Analyst focusing on Excel,What are the internal memory management strategies used by Excel?
Generate a Medium Scenario question for a Backend Developer focusing on Kafka,You are building a real-time chat app and need to integrate Kafka. Walk me through your approach.
Generate a Medium Behavioural question for a ML Engineer focusing on BERT,Tell me about a time you had to convince your team to adopt BERT. How did you make the case?
Generate a Easy Debugging question for a Data Analyst focusing on NumPy,A basic NumPy function is returning None unexpectedly. How do you debug it?
Generate a Medium Design question for a Backend Developer focusing on RabbitMQ,Design the database schema for a analytics dashboard that uses RabbitMQ as its data layer.
Generate a Hard Conceptual question for a ML Engineer focusing on TensorFlow,What are the internal memory management strategies used by TensorFlow?
Generate a Easy Behavioural question for a ML Engineer focusing on TensorFlow,Tell me about a project where you used TensorFlow.
Generate a Hard Conceptual question for a Backend Developer focusing on Python,"Compare Python with its closest alternative in terms of performance, scalability, and developer experience."
Generate a Medium Design question for a Backend Developer focusing on Python,"How would you design a RESTful API using Python that supports 10,000 concurrent users?"
Generate a Medium Scenario question for a Full Stack Developer focusing on TypeScript,Your team is migrating an existing system to use TypeScript. What is your migration plan?
Generate a Hard Debugging question for a ML Engineer focusing on MLflow,A race condition is occurring in your MLflow setup under load. Describe your complete debugging and resolution strategy.
Generate a Easy Design question for a Backend Developer focusing on FastAPI,Design a simple todo app using FastAPI as the core technology.
Generate a Easy Scenario question for a Data Analyst focusing on Pandas,"If a junior developer asked you to explain Pandas, what real-world analogy would you use?"
Generate a Hard Debugging question for a Frontend Developer focusing on Vue.js,Your Vue.js deployment is experiencing cascading failures across microservices. How do you isolate the root cause?
Generate a Hard Debugging question for a Backend Developer focusing on Node.js,A race condition is occurring in your Node.js setup under load. Describe your complete debugging and resolution strategy.
Generate a Medium Behavioural question for a Backend Developer focusing on Docker,Describe a challenging bug you solved using Docker. What was your thought process?
Generate a Hard Design question for a DevOps Engineer focusing on Docker,Architect a fault-tolerant notification service using Docker. How do you handle failures without data loss?
Generate a Hard Behavioural question for a Frontend Developer focusing on JavaScript,"Tell me about a time JavaScript caused a production incident that affected users. How did you lead the resolution, and what did you change afterwards?"
Generate a Hard Conceptual question for a Data Analyst focusing on Pandas,"How does Pandas ensure horizontal scalability at scale, and what are its architectural limitations?"
Generate a Medium Scenario question for a ML Engineer focusing on Feature Engineering,Your team is migrating an existing system to use Feature Engineering. What is your migration plan?
Generate a Hard Debugging question for a Backend Developer focusing on MongoDB,"A deadlock is occurring in your MongoDB database layer during peak traffic. How do you detect, resolve, and prevent this?"
Generate a Hard Debugging question for a Data Analyst focusing on Statistics,A race condition is occurring in your Statistics setup under load. Describe your complete debugging and resolution strategy.
Generate a Easy Behavioural question for a Data Analyst focusing on Excel,Tell me about a project where you used Excel.
Generate a Hard Conceptual question for a Data Analyst focusing on NumPy,"Compare NumPy with its closest alternative in terms of performance, scalability, and developer experience."
Generate a Medium Conceptual question for a Data Analyst focusing on Statistics,What are the trade-offs of using Statistics over alternatives?
Generate a Hard Scenario question for a ML Engineer focusing on PyTorch,You are the lead engineer on a job scheduling system serving 5 million users. How would you architect PyTorch into the stack?
Generate a Easy Scenario question for a Backend Developer focusing on Docker,You are starting a new Backend Developer project. Why would you choose Docker?
Generate a Hard Scenario question for a Full Stack Developer focusing on MongoDB,A critical deadline is approaching and MongoDB is causing unexpected connection pool exhaustion. How do you manage the situation?
Generate a Medium Conceptual question for a ML Engineer focusing on BERT,What are common pitfalls when using BERT and how do you avoid them?
Generate a Hard Scenario question for a Data Analyst focusing on Statistics,You are the lead engineer on a e-commerce platform serving 5 million users. How would you architect Statistics into the stack?
Generate a Easy Scenario question for a Data Analyst focusing on SQL,How would you use SQL to build a simple notification service?
Generate a Medium Design question for a Backend Developer focusing on FastAPI,Design the database schema for a notification service that uses FastAPI as its data layer.
Generate a Hard Conceptual question for a Backend Developer focusing on REST API,What are the internal memory management strategies used by REST API?
Generate a Medium Behavioural question for a ML Engineer focusing on scikit-learn,Tell me about a time you had to convince your team to adopt scikit-learn. How did you make the case?
Generate a Medium Debugging question for a Data Analyst focusing on Statistics,A Statistics application in production is consuming 90% CPU. How do you investigate and resolve this?
Generate a Easy Behavioural question for a Backend Developer focusing on PostgreSQL,Tell me about a project where you used PostgreSQL.
Generate a Medium Design question for a ML Engineer focusing on Model Deployment,Design the database schema for a analytics dashboard that uses Model Deployment as its data layer.
Generate a Hard Debugging question for a Backend Developer focusing on Django,Your Django deployment is experiencing cascading failures across microservices. How do you isolate the root cause?
Generate a Hard Behavioural question for a Backend Developer focusing on Node.js,"Tell me about a time Node.js caused a production incident that affected users. How did you lead the resolution, and what did you change afterwards?"
Generate a Medium Conceptual question for a Frontend Developer focusing on CSS,What are common pitfalls when using CSS and how do you avoid them?
Generate a Medium Behavioural question for a Backend Developer focusing on Node.js,Describe a challenging bug you solved using Node.js. What was your thought process?
Generate a Easy Conceptual question for a DevOps Engineer focusing on Ansible,Explain the basic concept of Ansible in simple terms.
Generate a Hard Scenario question for a Frontend Developer focusing on TypeScript,A critical deadline is approaching and TypeScript is causing unexpected data corruption. How do you manage the situation?
Generate a Easy Behavioural question for a Frontend Developer focusing on Next.js,Tell me about a project where you used Next.js.
Generate a Medium Design question for a Data Analyst focusing on NumPy,Design the database schema for a e-commerce platform that uses NumPy as its data layer.
Generate a Medium Scenario question for a Frontend Developer focusing on React,You are building a real-time chat app and need to integrate React. Walk me through your approach.
Generate a Medium Conceptual question for a Backend Developer focusing on Kafka,Explain how Kafka works under the hood.
Generate a Hard Conceptual question for a Frontend Developer focusing on Redux,"Compare Redux with its closest alternative in terms of performance, scalability, and developer experience."
Generate a Medium Behavioural question for a Data Analyst focusing on SQL,Describe a challenging bug you solved using SQL. What was your thought process?
Generate a Easy Debugging question for a ML Engineer focusing on BERT,Your BERT application is throwing an unhandled error on startup. What are your first steps?
Generate a Hard Conceptual question for a Frontend Developer focusing on Vue.js,What are the internal memory management strategies used by Vue.js?
Generate a Hard Scenario question for a ML Engineer focusing on Model Deployment,You are the lead engineer on a notification service serving 5 million users. How would you architect Model Deployment into the stack?
Generate a Medium Conceptual question for a Full Stack Developer focusing on TypeScript,What are common pitfalls when using TypeScript and how do you avoid them?
Generate a Medium Debugging question for a Data Analyst focusing on Excel,A Excel application in production is consuming 90% CPU. How do you investigate and resolve this?
Generate a Hard Behavioural question for a ML Engineer focusing on MLflow,Describe a situation where you had to make a critical architectural decision involving MLflow under tight time pressure.
Generate a Medium Conceptual question for a DevOps Engineer focusing on Terraform,How does Terraform handle authentication at scale in a production environment?
Generate a Easy Scenario question for a Backend Developer focusing on Docker,How would you use Docker to build a simple e-commerce platform?
Generate a Hard Design question for a Backend Developer focusing on Docker,Design a multi-region deployment of Docker for a global application with sub-100ms latency requirements.
Generate a Medium Behavioural question for a Frontend Developer focusing on Next.js,Tell me about a time you had to convince your team to adopt Next.js. How did you make the case?
Generate a Hard Conceptual question for a Backend Developer focusing on Redis,What are the internal memory management strategies used by Redis?
Generate a Hard Scenario question for a Backend Developer focusing on Python,A critical deadline is approaching and Python is causing unexpected memory leak. How do you manage the situation?
Generate a Hard Design question for a DevOps Engineer focusing on Jenkins,Design a highly scalable analytics dashboard using Jenkins that handles 1 million events per second.
Generate a Easy Design question for a Backend Developer focusing on Django,How would you structure a basic project using Django?
Generate a Hard Conceptual question for a Frontend Developer focusing on Next.js,What are the internal memory management strategies used by Next.js?
Generate a Hard Scenario question for a Full Stack Developer focusing on TypeScript,Your job scheduling system is experiencing cascading timeouts at 10x normal traffic. How do you use TypeScript to diagnose and resolve it?
Generate a Hard Design question for a DevOps Engineer focusing on Terraform,Architect a fault-tolerant e-commerce platform using Terraform. How do you handle failures without data loss?
Generate a Easy Conceptual question for a Backend Developer focusing on RabbitMQ,What are the main features of RabbitMQ?
Generate a Medium Behavioural question for a Frontend Developer focusing on Next.js,Describe a challenging bug you solved using Next.js. What was your thought process?
Generate a Medium Conceptual question for a ML Engineer focusing on PyTorch,What are the trade-offs of using PyTorch over alternatives?
Generate a Hard Behavioural question for a DevOps Engineer focusing on Terraform,"Tell me about a time Terraform caused a production incident that affected users. How did you lead the resolution, and what did you change afterwards?"
Generate a Medium Design question for a Frontend Developer focusing on Webpack,"How would you design a RESTful API using Webpack that supports 10,000 concurrent users?"
Generate a Medium Behavioural question for a Backend Developer focusing on Django,Tell me about a time you had to convince your team to adopt Django. How did you make the case?
Generate a Easy Design question for a Backend Developer focusing on Python,How would you structure a basic project using Python?
Generate a Hard Scenario question for a Backend Developer focusing on Node.js,A critical deadline is approaching and Node.js is causing unexpected memory leak. How do you manage the situation?
Generate a Medium Scenario question for a Backend Developer focusing on RabbitMQ,How would you use RabbitMQ to handle high concurrency in a real-world application?
Generate a Medium Behavioural question for a Backend Developer focusing on PostgreSQL,Tell me about a time you had to convince your team to adopt PostgreSQL. How did you make the case?
Generate a Hard Design question for a Backend Developer focusing on Node.js,Architect a fault-tolerant notification service using Node.js. How do you handle failures without data loss?
Generate a Hard Conceptual question for a Full Stack Developer focusing on React,What are the internal memory management strategies used by React?
Generate a Hard Behavioural question for a Backend Developer focusing on Python,"Tell me about a time Python caused a production incident that affected users. How did you lead the resolution, and what did you change afterwards?"
Generate a Easy Design question for a ML Engineer focusing on TensorFlow,How would you structure a basic project using TensorFlow?
Generate a Hard Conceptual question for a Data Analyst focusing on Python,What are the internal memory management strategies used by Python?
Generate a Medium Design question for a Data Analyst focusing on Excel,"How would you design a RESTful API using Excel that supports 10,000 concurrent users?"
Generate a Hard Conceptual question for a ML Engineer focusing on BERT,"How does BERT ensure fault tolerance at scale, and what are its architectural limitations?"
Generate a Easy Behavioural question for a DevOps Engineer focusing on Kubernetes,Tell me about a project where you used Kubernetes.
Generate a Easy Behavioural question for a Full Stack Developer focusing on GraphQL,Tell me about a project where you used GraphQL.
Generate a Medium Conceptual question for a Data Analyst focusing on NumPy,What are the trade-offs of using NumPy over alternatives?
Generate a Hard Design question for a Data Analyst focusing on Excel,Architect a fault-tolerant notification service using Excel. How do you handle failures without data loss?
Generate a Medium Behavioural question for a DevOps Engineer focusing on Terraform,Describe a challenging bug you solved using Terraform. What was your thought process?
Generate a Medium Scenario question for a Full Stack Developer focusing on Node.js,You are building a real-time chat app and need to integrate Node.js. Walk me through your approach.
Generate a Hard Behavioural question for a DevOps Engineer focusing on Kubernetes,Describe a situation where you had to make a critical architectural decision involving Kubernetes under tight time pressure.
Generate a Medium Conceptual question for a Full Stack Developer focusing on GraphQL,How does GraphQL handle high concurrency in a production environment?
Generate a Easy Scenario question for a DevOps Engineer focusing on Linux,How would you use Linux to build a simple notification service?
Generate a Hard Scenario question for a Data Analyst focusing on SQL,A critical deadline is approaching and SQL is causing unexpected memory leak. How do you manage the situation?
Generate a Hard Debugging question for a Full Stack Developer focusing on React,Your React deployment is experiencing cascading failures across microservices. How do you isolate the root cause?
Generate a Medium Design question for a Data Analyst focusing on Statistics,Design a job scheduling system that uses Statistics for caching. What components would you include?
Generate a Hard Design question for a Full Stack Developer focusing on Node.js,Design a multi-region deployment of Node.js for a global application with sub-100ms latency requirements.
Generate a Hard Debugging question for a ML Engineer focusing on MLflow,Your MLflow deployment is experiencing cascading failures across microservices. How do you isolate the root cause?
Generate a Medium Debugging question for a Backend Developer focusing on REST API,A memory leak is suspected in your REST API application. How do you confirm and eliminate it?
Generate a Hard Conceptual question for a Backend Developer focusing on Node.js,"How does Node.js ensure horizontal scalability at scale, and what are its architectural limitations?"
Generate a Easy Design question for a Frontend Developer focusing on React,How would you structure a basic project using React?
Generate a Easy Scenario question for a Data Analyst focusing on Tableau,How would you use Tableau to build a simple real-time chat app?
Generate a Medium Conceptual question for a Data Analyst focusing on Python,How does Python handle high concurrency in a production environment?
Generate a Easy Debugging question for a ML Engineer focusing on scikit-learn,Your scikit-learn application is throwing an unhandled error on startup. What are your first steps?
Generate a Medium Design question for a DevOps Engineer focusing on Ansible,Design a job scheduling system that uses Ansible for session management. What components would you include?
Generate a Easy Behavioural question for a Frontend Developer focusing on JavaScript,Tell me about a project where you used JavaScript.
Generate a Easy Conceptual question for a Frontend Developer focusing on JavaScript,What are the main features of JavaScript?
Generate a Easy Scenario question for a Frontend Developer focusing on Vue.js,You are starting a new Frontend Developer project. Why would you choose Vue.js?
Generate a Easy Conceptual question for a Data Analyst focusing on Pandas,What is Pandas and why is it important for a Data Analyst?
Generate a Medium Conceptual question for a DevOps Engineer focusing on CI/CD,What are the trade-offs of using CI/CD over alternatives?
Generate a Medium Debugging question for a Frontend Developer focusing on Next.js,Users are reporting intermittent failures in a Next.js service. How do you reproduce and fix the issue?
Generate a Medium Conceptual question for a Backend Developer focusing on Node.js,How does Node.js handle rate limiting in a production environment?
Generate a Hard Conceptual question for a DevOps Engineer focusing on Ansible,"Compare Ansible with its closest alternative in terms of performance, scalability, and developer experience."
Generate a Medium Conceptual question for a Data Analyst focusing on Power BI,What are common pitfalls when using Power BI and how do you avoid them?
Generate a Easy Conceptual question for a Data Analyst focusing on NumPy,Explain the basic concept of NumPy in simple terms.
Generate a Hard Conceptual question for a ML Engineer focusing on PyTorch,"Compare PyTorch with its closest alternative in terms of performance, scalability, and developer experience."
Generate a Hard Scenario question for a Full Stack Developer focusing on Docker,A critical deadline is approaching and Docker is causing unexpected data corruption. How do you manage the situation?
Generate a Hard Conceptual question for a ML Engineer focusing on MLflow,"How does MLflow ensure horizontal scalability at scale, and what are its architectural limitations?"
Generate a Hard Debugging question for a Backend Developer focusing on Kafka,"A deadlock is occurring in your Kafka database layer during peak traffic. How do you detect, resolve, and prevent this?"
Generate a Easy Scenario question for a Frontend Developer focusing on React,You are starting a new Frontend Developer project. Why would you choose React?
Generate a Hard Conceptual question for a Frontend Developer focusing on CSS,"Compare CSS with its closest alternative in terms of performance, scalability, and developer experience."
Generate a Hard Scenario question for a Data Analyst focusing on Statistics,A critical deadline is approaching and Statistics is causing unexpected connection pool exhaustion. How do you manage the situation?
Generate a Hard Scenario question for a ML Engineer focusing on TensorFlow,You are the lead engineer on a e-commerce platform serving 5 million users. How would you architect TensorFlow into the stack?
Generate a Medium Debugging question for a DevOps Engineer focusing on Jenkins,A Jenkins application in production is consuming 90% CPU. How do you investigate and resolve this?
Generate a Hard Debugging question for a DevOps Engineer focusing on Jenkins,"A deadlock is occurring in your Jenkins database layer during peak traffic. How do you detect, resolve, and prevent this?"
Generate a Hard Design question for a Data Analyst focusing on Power BI,Design a highly scalable URL shortener using Power BI that handles 1 million events per second.
Generate a Easy Scenario question for a ML Engineer focusing on Model Deployment,"If a junior developer asked you to explain Model Deployment, what real-world analogy would you use?"
Generate a Medium Debugging question for a Backend Developer focusing on Redis,Users are reporting intermittent failures in a Redis service. How do you reproduce and fix the issue?
Generate a Easy Conceptual question for a Full Stack Developer focusing on MongoDB,Explain the basic concept of MongoDB in simple terms.
Generate a Easy Scenario question for a Backend Developer focusing on REST API,You are starting a new Backend Developer project. Why would you choose REST API?
Generate a Hard Behavioural question for a DevOps Engineer focusing on Linux,Describe a situation where you had to make a critical architectural decision involving Linux under tight time pressure.
Generate a Medium Design question for a Backend Developer focusing on Node.js,"How would you design a RESTful API using Node.js that supports 10,000 concurrent users?"
Generate a Hard Scenario question for a Backend Developer focusing on MongoDB,Your notification service is experiencing data corruption at 10x normal traffic. How do you use MongoDB to diagnose and resolve it?
Generate a Medium Behavioural question for a Backend Developer focusing on Node.js,Tell me about a time you had to convince your team to adopt Node.js. How did you make the case?
Generate a Hard Design question for a Full Stack Developer focusing on TypeScript,Architect a fault-tolerant e-commerce platform using TypeScript. How do you handle failures without data loss?
Generate a Easy Design question for a Backend Developer focusing on MongoDB,Design a simple todo app using MongoDB as the core technology.
Generate a Hard Design question for a Data Analyst focusing on SQL,Design a highly scalable real-time chat app using SQL that handles 1 million events per second.
Generate a Hard Conceptual question for a ML Engineer focusing on PyTorch,What are the internal memory management strategies used by PyTorch?
Generate a Hard Debugging question for a DevOps Engineer focusing on Jenkins,Your Jenkins deployment is experiencing cascading failures across microservices. How do you isolate the root cause?
Generate a Medium Scenario question for a Backend Developer focusing on Django,How would you use Django to handle real-time data consistency in a real-world application?
Generate a Medium Debugging question for a Frontend Developer focusing on Webpack,A memory leak is suspected in your Webpack application. How do you confirm and eliminate it?
Generate a Hard Debugging question for a Backend Developer focusing on RabbitMQ,"A deadlock is occurring in your RabbitMQ database layer during peak traffic. How do you detect, resolve, and prevent this?"
Generate a Hard Design question for a Full Stack Developer focusing on GraphQL,Design a highly scalable job scheduling system using GraphQL that handles 1 million events per second.
Generate a Easy Behavioural question for a Data Analyst focusing on Tableau,Describe your experience learning Tableau for the first time.
Generate a Easy Behavioural question for a Backend Developer focusing on RabbitMQ,Tell me about a project where you used RabbitMQ.
Generate a Easy Debugging question for a Frontend Developer focusing on TypeScript,A basic TypeScript function is returning None unexpectedly. How do you debug it?
Generate a Easy Design question for a Data Analyst focusing on Statistics,Design a simple todo app using Statistics as the core technology.
Generate a Easy Scenario question for a DevOps Engineer focusing on AWS,How would you use AWS to build a simple URL shortener?
Generate a Easy Conceptual question for a Frontend Developer focusing on Webpack,What is Webpack and why is it important for a Frontend Developer?
Generate a Medium Debugging question for a Data Analyst focusing on Power BI,Users are reporting intermittent failures in a Power BI service. How do you reproduce and fix the issue?
Generate a Hard Debugging question for a Data Analyst focusing on NumPy,"A deadlock is occurring in your NumPy database layer during peak traffic. How do you detect, resolve, and prevent this?"
Generate a Hard Behavioural question for a Backend Developer focusing on RabbitMQ,"Tell me about a time RabbitMQ caused a production incident that affected users. How did you lead the resolution, and what did you change afterwards?"
Generate a Hard Conceptual question for a Data Analyst focusing on SQL,What are the internal memory management strategies used by SQL?
Generate a Easy Design question for a DevOps Engineer focusing on CI/CD,Design a simple todo app using CI/CD as the core technology.
Generate a Medium Conceptual question for a ML Engineer focusing on scikit-learn,Explain how scikit-learn works under the hood.
Generate a Easy Debugging question for a ML Engineer focusing on PyTorch,A basic PyTorch function is returning None unexpectedly. How do you debug it?
Generate a Easy Design question for a ML Engineer focusing on scikit-learn,Design a simple todo app using scikit-learn as the core technology.
Generate a Medium Design question for a Backend Developer focusing on Kafka,Design a job scheduling system that uses Kafka for session management. What components would you include?
Generate a Medium Scenario question for a ML Engineer focusing on scikit-learn,You are building a job scheduling system and need to integrate scikit-learn. Walk me through your approach.
Generate a Easy Conceptual question for a Data Analyst focusing on Statistics,Explain the basic concept of Statistics in simple terms.
Generate a Hard Behavioural question for a ML Engineer focusing on BERT,Describe a situation where you had to make a critical architectural decision involving BERT under tight time pressure.
Generate a Hard Conceptual question for a DevOps Engineer focusing on Terraform,What are the internal memory management strategies used by Terraform?
Generate a Easy Scenario question for a Backend Developer focusing on Python,You are starting a new Backend Developer project. Why would you choose Python?
Generate a Medium Conceptual question for a Full Stack Developer focusing on React,What are common pitfalls when using React and how do you avoid them?
Generate a Easy Scenario question for a Backend Developer focusing on Redis,You are starting a new Backend Developer project. Why would you choose Redis?
Generate a Easy Scenario question for a Frontend Developer focusing on React,How would you use React to build a simple job scheduling system?
Generate a Easy Debugging question for a Frontend Developer focusing on React,A basic React function is returning None unexpectedly. How do you debug it?
Generate a Medium Conceptual question for a Backend Developer focusing on Node.js,What are common pitfalls when using Node.js and how do you avoid them?
Generate a Easy Conceptual question for a ML Engineer focusing on scikit-learn,Explain the basic concept of scikit-learn in simple terms.
Generate a Easy Design question for a DevOps Engineer focusing on Jenkins,Design a simple todo app using Jenkins as the core technology.
Generate a Medium Conceptual question for a ML Engineer focusing on MLflow,What are the trade-offs of using MLflow over alternatives?
Generate a Easy Design question for a Frontend Developer focusing on Webpack,How would you structure a basic project using Webpack?
Generate a Medium Debugging question for a DevOps Engineer focusing on Terraform,Users are reporting intermittent failures in a Terraform service. How do you reproduce and fix the issue?
Generate a Hard Debugging question for a Frontend Developer focusing on React,"A deadlock is occurring in your React database layer during peak traffic. How do you detect, resolve, and prevent this?"
Generate a Easy Conceptual question for a ML Engineer focusing on BERT,Define BERT and its primary use case.
Generate a Easy Scenario question for a Data Analyst focusing on SQL,You are starting a new Data Analyst project. Why would you choose SQL?
Generate a Hard Debugging question for a Backend Developer focusing on Kafka,A race condition is occurring in your Kafka setup under load. Describe your complete debugging and resolution strategy.
Generate a Hard Design question for a ML Engineer focusing on PyTorch,Design a multi-region deployment of PyTorch for a global application with sub-100ms latency requirements.
Generate a Hard Conceptual question for a Full Stack Developer focusing on Next.js,"How does Next.js ensure fault tolerance at scale, and what are its architectural limitations?"
Generate a Easy Conceptual question for a Data Analyst focusing on Python,Define Python and its primary use case.
Generate a Medium Debugging question for a Frontend Developer focusing on Vue.js,Users are reporting intermittent failures in a Vue.js service. How do you reproduce and fix the issue?
Generate a Hard Design question for a Frontend Developer focusing on React,Design a multi-region deployment of React for a global application with sub-100ms latency requirements.
Generate a Easy Debugging question for a Backend Developer focusing on Docker,A basic Docker function is returning None unexpectedly. How do you debug it?
Generate a Medium Debugging question for a Frontend Developer focusing on JavaScript,Users are reporting intermittent failures in a JavaScript service. How do you reproduce and fix the issue?
Generate a Medium Debugging question for a Frontend Developer focusing on CSS,A CSS application in production is consuming 90% CPU. How do you investigate and resolve this?
Generate a Medium Behavioural question for a Backend Developer focusing on Docker,Tell me about a time you had to convince your team to adopt Docker. How did you make the case?
Generate a Hard Design question for a Frontend Developer focusing on JavaScript,Architect a fault-tolerant analytics dashboard using JavaScript. How do you handle failures without data loss?
Generate a Hard Scenario question for a Full Stack Developer focusing on GraphQL,Your analytics dashboard is experiencing memory leak at 10x normal traffic. How do you use GraphQL to diagnose and resolve it?
Generate a Easy Scenario question for a Frontend Developer focusing on Webpack,You are starting a new Frontend Developer project. Why would you choose Webpack?
Generate a Easy Conceptual question for a Frontend Developer focusing on Next.js,Define Next.js and its primary use case.
Generate a Easy Scenario question for a DevOps Engineer focusing on Jenkins,You are starting a new DevOps Engineer project. Why would you choose Jenkins?
Generate a Medium Conceptual question for a Full Stack Developer focusing on Node.js,Explain how Node.js works under the hood.
Generate a Medium Scenario question for a Frontend Developer focusing on TypeScript,How would you use TypeScript to handle rate limiting in a real-world application?
Generate a Hard Scenario question for a Data Analyst focusing on Python,Your e-commerce platform is experiencing memory leak at 10x normal traffic. How do you use Python to diagnose and resolve it?
Generate a Medium Design question for a DevOps Engineer focusing on Linux,Design the database schema for a e-commerce platform that uses Linux as its data layer.
Generate a Medium Design question for a Frontend Developer focusing on JavaScript,"How would you design a RESTful API using JavaScript that supports 10,000 concurrent users?"
Generate a Medium Conceptual question for a DevOps Engineer focusing on Linux,What are the trade-offs of using Linux over alternatives?
Generate a Medium Scenario question for a Backend Developer focusing on Django,You are building a URL shortener and need to integrate Django. Walk me through your approach.
Generate a Easy Scenario question for a ML Engineer focusing on BERT,How would you use BERT to build a simple job scheduling system?
Generate a Hard Debugging question for a Data Analyst focusing on Python,"A deadlock is occurring in your Python database layer during peak traffic. How do you detect, resolve, and prevent this?"
Generate a Medium Conceptual question for a Full Stack Developer focusing on GraphQL,What are the trade-offs of using GraphQL over alternatives?
Generate a Hard Scenario question for a Backend Developer focusing on Django,A critical deadline is approaching and Django is causing unexpected cascading timeouts. How do you manage the situation?
Generate a Medium Design question for a Backend Developer focusing on REST API,Design the database schema for a e-commerce platform that uses REST API as its data layer.
Generate a Medium Behavioural question for a ML Engineer focusing on PyTorch,Tell me about a time you had to convince your team to adopt PyTorch. How did you make the case?
Generate a Medium Conceptual question for a ML Engineer focusing on TensorFlow,Explain how TensorFlow works under the hood.
Generate a Medium Conceptual question for a Data Analyst focusing on Pandas,How does Pandas handle caching invalidation in a production environment?
Generate a Easy Conceptual question for a Frontend Developer focusing on TypeScript,What are the main features of TypeScript?
Generate a Easy Scenario question for a Frontend Developer focusing on CSS,How would you use CSS to build a simple notification service?
Generate a Hard Conceptual question for a Backend Developer focusing on RabbitMQ,"How does RabbitMQ ensure eventual consistency at scale, and what are its architectural limitations?"
Generate a Medium Design question for a Frontend Developer focusing on HTML5,Design the database schema for a analytics dashboard that uses HTML5 as its data layer.
Generate a Medium Conceptual question for a Backend Developer focusing on Python,What are the trade-offs of using Python over alternatives?
Generate a Hard Behavioural question for a Backend Developer focusing on Docker,Describe a situation where you had to make a critical architectural decision involving Docker under tight time pressure.
Generate a Easy Behavioural question for a Backend Developer focusing on Django,Tell me about a project where you used Django.
Generate a Medium Scenario question for a DevOps Engineer focusing on Terraform,Your team is migrating an existing system to use Terraform. What is your migration plan?
Generate a Medium Debugging question for a ML Engineer focusing on Model Deployment,Users are reporting intermittent failures in a Model Deployment service. How do you reproduce and fix the issue?
Generate a Easy Scenario question for a Frontend Developer focusing on HTML5,You are starting a new Frontend Developer project. Why would you choose HTML5?
Generate a Hard Conceptual question for a Frontend Developer focusing on CSS,"How does CSS ensure eventual consistency at scale, and what are its architectural limitations?"
Generate a Easy Behavioural question for a Data Analyst focusing on Excel,Describe your experience learning Excel for the first time.
Generate a Medium Design question for a Data Analyst focusing on Pandas,"How would you design a RESTful API using Pandas that supports 10,000 concurrent users?"
Generate a Hard Design question for a Frontend Developer focusing on HTML5,Architect a fault-tolerant URL shortener using HTML5. How do you handle failures without data loss?
Generate a Easy Conceptual question for a DevOps Engineer focusing on Ansible,What problem does Ansible solve in software development?
Generate a Hard Scenario question for a Frontend Developer focusing on JavaScript,Your e-commerce platform is experiencing connection pool exhaustion at 10x normal traffic. How do you use JavaScript to diagnose and resolve it?
Generate a Easy Design question for a Backend Developer focusing on Kafka,Design a simple todo app using Kafka as the core technology.
Generate a Medium Debugging question for a DevOps Engineer focusing on Linux,A memory leak is suspected in your Linux application. How do you confirm and eliminate it?
Generate a Easy Scenario question for a ML Engineer focusing on MLflow,"If a junior developer asked you to explain MLflow, what real-world analogy would you use?"
Generate a Hard Scenario question for a DevOps Engineer focusing on Docker,Your e-commerce platform is experiencing connection pool exhaustion at 10x normal traffic. How do you use Docker to diagnose and resolve it?
Generate a Hard Conceptual question for a Full Stack Developer focusing on MongoDB,"Compare MongoDB with its closest alternative in terms of performance, scalability, and developer experience."
Generate a Easy Scenario question for a Frontend Developer focusing on HTML5,"If a junior developer asked you to explain HTML5, what real-world analogy would you use?"
Generate a Medium Debugging question for a Frontend Developer focusing on Next.js,A memory leak is suspected in your Next.js application. How do you confirm and eliminate it?
Generate a Easy Conceptual question for a Data Analyst focusing on Tableau,What are the main features of Tableau?
Generate a Hard Conceptual question for a Frontend Developer focusing on TypeScript,"Compare TypeScript with its closest alternative in terms of performance, scalability, and developer experience."
Generate a Hard Scenario question for a DevOps Engineer focusing on Jenkins,You are the lead engineer on a job scheduling system serving 5 million users. How would you architect Jenkins into the stack?
Generate a Medium Design question for a ML Engineer focusing on scikit-learn,"How would you design a RESTful API using scikit-learn that supports 10,000 concurrent users?"
Generate a Easy Conceptual question for a Backend Developer focusing on Kafka,What problem does Kafka solve in software development?
Generate a Medium Design question for a Full Stack Developer focusing on Node.js,Design the database schema for a notification service that uses Node.js as its data layer.
Generate a Easy Conceptual question for a Backend Developer focusing on FastAPI,What problem does FastAPI solve in software development?
Generate a Medium Design question for a Frontend Developer focusing on Redux,Design the database schema for a URL shortener that uses Redux as its data layer.
Generate a Easy Behavioural question for a Frontend Developer focusing on Vue.js,Describe your experience learning Vue.js for the first time.
Generate a Easy Debugging question for a Backend Developer focusing on Node.js,A basic Node.js function is returning None unexpectedly. How do you debug it?
Generate a Medium Design question for a DevOps Engineer focusing on CI/CD,Design the database schema for a e-commerce platform that uses CI/CD as its data layer.
Generate a Medium Behavioural question for a DevOps Engineer focusing on Ansible,Tell me about a time you had to convince your team to adopt Ansible. How did you make the case?
Generate a Easy Design question for a Backend Developer focusing on Docker,How would you structure a basic project using Docker?
Generate a Easy Debugging question for a Frontend Developer focusing on CSS,A basic CSS function is returning None unexpectedly. How do you debug it?
Generate a Easy Scenario question for a DevOps Engineer focusing on Ansible,You are starting a new DevOps Engineer project. Why would you choose Ansible?
Generate a Easy Debugging question for a Data Analyst focusing on NumPy,Your NumPy application is throwing an unhandled error on startup. What are your first steps?
Generate a Medium Scenario question for a Frontend Developer focusing on CSS,Your team is migrating an existing system to use CSS. What is your migration plan?
Generate a Easy Design question for a DevOps Engineer focusing on CI/CD,How would you structure a basic project using CI/CD?
Generate a Easy Conceptual question for a DevOps Engineer focusing on Terraform,Define Terraform and its primary use case.
Generate a Easy Scenario question for a ML Engineer focusing on scikit-learn,You are starting a new ML Engineer project. Why would you choose scikit-learn?
Generate a Medium Design question for a DevOps Engineer focusing on Kubernetes,"How would you design a RESTful API using Kubernetes that supports 10,000 concurrent users?"
Generate a Hard Conceptual question for a ML Engineer focusing on scikit-learn,"How does scikit-learn ensure fault tolerance at scale, and what are its architectural limitations?"
Generate a Easy Scenario question for a Backend Developer focusing on Node.js,You are starting a new Backend Developer project. Why would you choose Node.js?
Generate a Medium Behavioural question for a ML Engineer focusing on Model Deployment,Tell me about a time you had to convince your team to adopt Model Deployment. How did you make the case?
Generate a Hard Design question for a DevOps Engineer focusing on Ansible,Design a highly scalable URL shortener using Ansible that handles 1 million events per second.
Generate a Hard Behavioural question for a Backend Developer focusing on Redis,"Tell me about a time Redis caused a production incident that affected users. How did you lead the resolution, and what did you change afterwards?"
Generate a Hard Design question for a Frontend Developer focusing on Webpack,Design a multi-region deployment of Webpack for a global application with sub-100ms latency requirements.
Generate a Hard Conceptual question for a DevOps Engineer focusing on Ansible,"How does Ansible ensure horizontal scalability at scale, and what are its architectural limitations?"
Generate a Medium Design question for a Data Analyst focusing on Excel,Design a job scheduling system that uses Excel for session management. What components would you include?
Generate a Easy Design question for a Backend Developer focusing on Node.js,Design a simple todo app using Node.js as the core technology.
Generate a Hard Design question for a DevOps Engineer focusing on CI/CD,Design a highly scalable real-time chat app using CI/CD that handles 1 million events per second.
Generate a Hard Conceptual question for a DevOps Engineer focusing on Jenkins,"How does Jenkins ensure fault tolerance at scale, and what are its architectural limitations?"
Generate a Easy Behavioural question for a Frontend Developer focusing on Vue.js,Tell me about a project where you used Vue.js.
Generate a Easy Debugging question for a DevOps Engineer focusing on CI/CD,A basic CI/CD function is returning None unexpectedly. How do you debug it?
Generate a Hard Debugging question for a DevOps Engineer focusing on Kubernetes,"A deadlock is occurring in your Kubernetes database layer during peak traffic. How do you detect, resolve, and prevent this?"
Generate a Medium Conceptual question for a Frontend Developer focusing on TypeScript,Explain how TypeScript works under the hood.
Generate a Easy Design question for a Frontend Developer focusing on CSS,How would you structure a basic project using CSS?
Generate a Hard Design question for a Full Stack Developer focusing on TypeScript,Design a highly scalable job scheduling system using TypeScript that handles 1 million events per second.
Generate a Easy Scenario question for a Frontend Developer focusing on JavaScript,How would you use JavaScript to build a simple analytics dashboard?
Generate a Hard Conceptual question for a DevOps Engineer focusing on CI/CD,"Compare CI/CD with its closest alternative in terms of performance, scalability, and developer experience."
Generate a Hard Behavioural question for a Backend Developer focusing on MongoDB,Describe a situation where you had to make a critical architectural decision involving MongoDB under tight time pressure.
Generate a Hard Design question for a Backend Developer focusing on MongoDB,Architect a fault-tolerant analytics dashboard using MongoDB. How do you handle failures without data loss?
Generate a Medium Behavioural question for a DevOps Engineer focusing on Terraform,Tell me about a time you had to convince your team to adopt Terraform. How did you make the case?
Generate a Easy Scenario question for a DevOps Engineer focusing on Kubernetes,How would you use Kubernetes to build a simple e-commerce platform?
Generate a Easy Scenario question for a Data Analyst focusing on Statistics,"If a junior developer asked you to explain Statistics, what real-world analogy would you use?"
Generate a Medium Debugging question for a Frontend Developer focusing on TypeScript,A TypeScript application in production is consuming 90% CPU. How do you investigate and resolve this?
Generate a Hard Design question for a Frontend Developer focusing on TypeScript,Design a multi-region deployment of TypeScript for a global application with sub-100ms latency requirements.
Generate a Hard Scenario question for a ML Engineer focusing on PyTorch,Your real-time chat app is experiencing data corruption at 10x normal traffic. How do you use PyTorch to diagnose and resolve it?
Generate a Hard Scenario question for a Frontend Developer focusing on TypeScript,You are the lead engineer on a analytics dashboard serving 5 million users. How would you architect TypeScript into the stack?
Generate a Easy Debugging question for a Backend Developer focusing on REST API,Your REST API application is throwing an unhandled error on startup. What are your first steps?
Generate a Medium Scenario question for a Data Analyst focusing on Tableau,How would you use Tableau to handle caching invalidation in a real-world application?
Generate a Medium Scenario question for a ML Engineer focusing on PyTorch,You are building a job scheduling system and need to integrate PyTorch. Walk me through your approach.
Generate a Medium Debugging question for a Backend Developer focusing on MongoDB,Users are reporting intermittent failures in a MongoDB service. How do you reproduce and fix the issue?
Generate a Medium Conceptual question for a Full Stack Developer focusing on Docker,What are the trade-offs of using Docker over alternatives?
Generate a Easy Design question for a Data Analyst focusing on Pandas,Design a simple todo app using Pandas as the core technology.
Generate a Easy Design question for a DevOps Engineer focusing on Jenkins,How would you structure a basic project using Jenkins?
Generate a Medium Design question for a Backend Developer focusing on PostgreSQL,Design the database schema for a URL shortener that uses PostgreSQL as its data layer.
Generate a Easy Design question for a ML Engineer focusing on PyTorch,How would you structure a basic project using PyTorch?
Generate a Hard Behavioural question for a Data Analyst focusing on Pandas,"Tell me about a time Pandas caused a production incident that affected users. How did you lead the resolution, and what did you change afterwards?"
Generate a Easy Debugging question for a DevOps Engineer focusing on Linux,Your Linux application is throwing an unhandled error on startup. What are your first steps?
Generate a Medium Design question for a Frontend Developer focusing on CSS,Design a URL shortener that uses CSS for audit logging. What components would you include?
Generate a Medium Debugging question for a Full Stack Developer focusing on React,A React application in production is consuming 90% CPU. How do you investigate and resolve this?
Generate a Medium Behavioural question for a Data Analyst focusing on Power BI,Describe a challenging bug you solved using Power BI. What was your thought process?
Generate a Hard Debugging question for a Data Analyst focusing on Pandas,Your Pandas deployment is experiencing cascading failures across microservices. How do you isolate the root cause?
Generate a Easy Scenario question for a Frontend Developer focusing on TypeScript,You are starting a new Frontend Developer project. Why would you choose TypeScript?
Generate a Medium Conceptual question for a Backend Developer focusing on Python,Explain how Python works under the hood.
Generate a Easy Design question for a Data Analyst focusing on Power BI,Design a simple todo app using Power BI as the core technology.
Generate a Hard Behavioural question for a Frontend Developer focusing on Webpack,Describe a situation where you had to make a critical architectural decision involving Webpack under tight time pressure.
Generate a Medium Scenario question for a Frontend Developer focusing on Webpack,Your team is migrating an existing system to use Webpack. What is your migration plan?
Generate a Hard Design question for a Frontend Developer focusing on Next.js,Design a highly scalable URL shortener using Next.js that handles 1 million events per second.
Generate a Medium Design question for a ML Engineer focusing on Feature Engineering,Design the database schema for a URL shortener that uses Feature Engineering as its data layer.
Generate a Medium Scenario question for a Backend Developer focusing on Redis,How would you use Redis to handle authentication at scale in a real-world application?
Generate a Hard Behavioural question for a Frontend Developer focusing on CSS,Describe a situation where you had to make a critical architectural decision involving CSS under tight time pressure.
Generate a Easy Design question for a DevOps Engineer focusing on Terraform,Design a simple todo app using Terraform as the core technology.
Generate a Medium Conceptual question for a Frontend Developer focusing on Vue.js,Explain how Vue.js works under the hood.
Generate a Easy Behavioural question for a ML Engineer focusing on Model Deployment,Tell me about a project where you used Model Deployment.
Generate a Easy Behavioural question for a Frontend Developer focusing on React,Describe your experience learning React for the first time.
Generate a Hard Behavioural question for a Backend Developer focusing on MongoDB,"Tell me about a time MongoDB caused a production incident that affected users. How did you lead the resolution, and what did you change afterwards?"
Generate a Medium Design question for a Frontend Developer focusing on Vue.js,Design a real-time chat app that uses Vue.js for full-text search. What components would you include?
Generate a Hard Scenario question for a Backend Developer focusing on RabbitMQ,You are the lead engineer on a e-commerce platform serving 5 million users. How would you architect RabbitMQ into the stack?
Generate a Hard Behavioural question for a Backend Developer focusing on Redis,Describe a situation where you had to make a critical architectural decision involving Redis under tight time pressure.
Generate a Easy Debugging question for a DevOps Engineer focusing on Kubernetes,Your Kubernetes application is throwing an unhandled error on startup. What are your first steps?
Generate a Medium Conceptual question for a DevOps Engineer focusing on Jenkins,What are the trade-offs of using Jenkins over alternatives?
Generate a Medium Debugging question for a Backend Developer focusing on Kafka,Users are reporting intermittent failures in a Kafka service. How do you reproduce and fix the issue?
Generate a Medium Conceptual question for a Backend Developer focusing on REST API,What are common pitfalls when using REST API and how do you avoid them?
Generate a Medium Scenario question for a ML Engineer focusing on BERT,Your team is migrating an existing system to use BERT. What is your migration plan?
Generate a Hard Design question for a Frontend Developer focusing on Next.js,Design a multi-region deployment of Next.js for a global application with sub-100ms latency requirements.
Generate a Hard Conceptual question for a Backend Developer focusing on FastAPI,What are the internal memory management strategies used by FastAPI?
Generate a Medium Design question for a ML Engineer focusing on BERT,Design the database schema for a analytics dashboard that uses BERT as its data layer.
Generate a Hard Behavioural question for a Backend Developer focusing on Django,"Tell me about a time Django caused a production incident that affected users. How did you lead the resolution, and what did you change afterwards?"
Generate a Hard Debugging question for a Frontend Developer focusing on Redux,Your Redux deployment is experiencing cascading failures across microservices. How do you isolate the root cause?
Generate a Medium Conceptual question for a ML Engineer focusing on Model Deployment,What are common pitfalls when using Model Deployment and how do you avoid them?
Generate a Easy Conceptual question for a Full Stack Developer focusing on TypeScript,What is TypeScript and why is it important for a Full Stack Developer?
Generate a Hard Debugging question for a DevOps Engineer focusing on Ansible,Your Ansible deployment is experiencing cascading failures across microservices. How do you isolate the root cause?
Generate a Easy Debugging question for a ML Engineer focusing on TensorFlow,A basic TensorFlow function is returning None unexpectedly. How do you debug it?
Generate a Hard Behavioural question for a Data Analyst focusing on NumPy,Describe a situation where you had to make a critical architectural decision involving NumPy under tight time pressure.
Generate a Hard Conceptual question for a ML Engineer focusing on TensorFlow,"How does TensorFlow ensure eventual consistency at scale, and what are its architectural limitations?"
Generate a Hard Scenario question for a ML Engineer focusing on MLflow,Your analytics dashboard is experiencing high latency spikes at 10x normal traffic. How do you use MLflow to diagnose and resolve it?
Generate a Easy Debugging question for a Frontend Developer focusing on React,Your React application is throwing an unhandled error on startup. What are your first steps?
Generate a Medium Conceptual question for a ML Engineer focusing on Feature Engineering,What are common pitfalls when using Feature Engineering and how do you avoid them?
Generate a Medium Scenario question for a Full Stack Developer focusing on GraphQL,Your team is migrating an existing system to use GraphQL. What is your migration plan?
Generate a Easy Design question for a DevOps Engineer focusing on AWS,How would you structure a basic project using AWS?
Generate a Hard Debugging question for a Backend Developer focusing on Docker,A race condition is occurring in your Docker setup under load. Describe your complete debugging and resolution strategy.
Generate a Hard Behavioural question for a Backend Developer focusing on Node.js,Describe a situation where you had to make a critical architectural decision involving Node.js under tight time pressure.
Generate a Easy Scenario question for a DevOps Engineer focusing on Kubernetes,"If a junior developer asked you to explain Kubernetes, what real-world analogy would you use?"
Generate a Hard Debugging question for a ML Engineer focusing on PyTorch,Your PyTorch deployment is experiencing cascading failures across microservices. How do you isolate the root cause?
Generate a Hard Debugging question for a ML Engineer focusing on Model Deployment,Your Model Deployment deployment is experiencing cascading failures across microservices. How do you isolate the root cause?
Generate a Medium Behavioural question for a Frontend Developer focusing on Vue.js,Describe a challenging bug you solved using Vue.js. What was your thought process?
Generate a Medium Behavioural question for a DevOps Engineer focusing on AWS,Describe a challenging bug you solved using AWS. What was your thought process?
Generate a Medium Scenario question for a Backend Developer focusing on Redis,You are building a analytics dashboard and need to integrate Redis. Walk me through your approach.
Generate a Hard Behavioural question for a DevOps Engineer focusing on CI/CD,"Tell me about a time CI/CD caused a production incident that affected users. How did you lead the resolution, and what did you change afterwards?"
Generate a Easy Scenario question for a DevOps Engineer focusing on Terraform,"If a junior developer asked you to explain Terraform, what real-world analogy would you use?"
Generate a Hard Scenario question for a Frontend Developer focusing on Next.js,You are the lead engineer on a notification service serving 5 million users. How would you architect Next.js into the stack?
Generate a Medium Design question for a Backend Developer focusing on Django,"How would you design a RESTful API using Django that supports 10,000 concurrent users?"
Generate a Medium Scenario question for a DevOps Engineer focusing on Terraform,How would you use Terraform to handle high concurrency in a real-world application?
Generate a Easy Conceptual question for a Data Analyst focusing on Power BI,Explain the basic concept of Power BI in simple terms.
Generate a Hard Behavioural question for a DevOps Engineer focusing on Kubernetes,"Tell me about a time Kubernetes caused a production incident that affected users. How did you lead the resolution, and what did you change afterwards?"
Generate a Hard Scenario question for a ML Engineer focusing on Feature Engineering,Your notification service is experiencing data corruption at 10x normal traffic. How do you use Feature Engineering to diagnose and resolve it?
Generate a Hard Conceptual question for a Backend Developer focusing on MongoDB,"How does MongoDB ensure low read latency at scale, and what are its architectural limitations?"
Generate a Hard Conceptual question for a Backend Developer focusing on Django,"Compare Django with its closest alternative in terms of performance, scalability, and developer experience."
Generate a Easy Conceptual question for a DevOps Engineer focusing on Kubernetes,What is Kubernetes and why is it important for a DevOps Engineer?
Generate a Medium Debugging question for a Frontend Developer focusing on Webpack,A Webpack application in production is consuming 90% CPU. How do you investigate and resolve this?
Generate a Easy Scenario question for a DevOps Engineer focusing on Terraform,You are starting a new DevOps Engineer project. Why would you choose Terraform?
Generate a Medium Behavioural question for a Frontend Developer focusing on Webpack,Describe a challenging bug you solved using Webpack. What was your thought process?
Generate a Hard Behavioural question for a ML Engineer focusing on TensorFlow,Describe a situation where you had to make a critical architectural decision involving TensorFlow under tight time pressure.
Generate a Easy Scenario question for a Frontend Developer focusing on Webpack,How would you use Webpack to build a simple e-commerce platform?
Generate a Medium Behavioural question for a Frontend Developer focusing on TypeScript,Tell me about a time you had to convince your team to adopt TypeScript. How did you make the case?
Generate a Hard Behavioural question for a Frontend Developer focusing on Next.js,"Tell me about a time Next.js caused a production incident that affected users. How did you lead the resolution, and what did you change afterwards?"
Generate a Medium Scenario question for a ML Engineer focusing on TensorFlow,How would you use TensorFlow to handle real-time data consistency in a real-world application?
Generate a Medium Debugging question for a Full Stack Developer focusing on GraphQL,A GraphQL application in production is consuming 90% CPU. How do you investigate and resolve this?
Generate a Hard Behavioural question for a DevOps Engineer focusing on Terraform,Describe a situation where you had to make a critical architectural decision involving Terraform under tight time pressure.
Generate a Easy Debugging question for a Data Analyst focusing on Excel,A basic Excel function is returning None unexpectedly. How do you debug it?
Generate a Easy Conceptual question for a DevOps Engineer focusing on Docker,What problem does Docker solve in software development?
Generate a Medium Scenario question for a Frontend Developer focusing on Next.js,Your team is migrating an existing system to use Next.js. What is your migration plan?
Generate a Easy Behavioural question for a DevOps Engineer focusing on Linux,Tell me about a project where you used Linux.
Generate a Medium Behavioural question for a Backend Developer focusing on PostgreSQL,Describe a challenging bug you solved using PostgreSQL. What was your thought process?
Generate a Hard Scenario question for a DevOps Engineer focusing on AWS,A critical deadline is approaching and AWS is causing unexpected high latency spikes. How do you manage the situation?
Generate a Hard Debugging question for a Backend Developer focusing on FastAPI,A race condition is occurring in your FastAPI setup under load. Describe your complete debugging and resolution strategy.
Generate a Hard Design question for a DevOps Engineer focusing on AWS,Architect a fault-tolerant analytics dashboard using AWS. How do you handle failures without data loss?
Generate a Hard Design question for a Backend Developer focusing on FastAPI,Design a multi-region deployment of FastAPI for a global application with sub-100ms latency requirements.
Generate a Hard Scenario question for a Data Analyst focusing on Power BI,Your real-time chat app is experiencing data corruption at 10x normal traffic. How do you use Power BI to diagnose and resolve it?
Generate a Medium Debugging question for a Backend Developer focusing on Docker,A Docker application in production is consuming 90% CPU. How do you investigate and resolve this?
Generate a Hard Debugging question for a Backend Developer focusing on Redis,"A deadlock is occurring in your Redis database layer during peak traffic. How do you detect, resolve, and prevent this?"
Generate a Easy Conceptual question for a Frontend Developer focusing on React,What is React and why is it important for a Frontend Developer?
Generate a Easy Conceptual question for a Backend Developer focusing on Redis,What problem does Redis solve in software development?
Generate a Medium Design question for a ML Engineer focusing on Feature Engineering,Design a real-time chat app that uses Feature Engineering for caching. What components would you include?
Generate a Hard Design question for a Backend Developer focusing on REST API,Design a highly scalable URL shortener using REST API that handles 1 million events per second.
Generate a Medium Design question for a ML Engineer focusing on TensorFlow,Design a real-time chat app that uses TensorFlow for caching. What components would you include?
Generate a Easy Conceptual question for a DevOps Engineer focusing on Linux,Define Linux and its primary use case.
Generate a Hard Design question for a DevOps Engineer focusing on CI/CD,Design a multi-region deployment of CI/CD for a global application with sub-100ms latency requirements.
Generate a Easy Conceptual question for a DevOps Engineer focusing on CI/CD,What is CI/CD and why is it important for a DevOps Engineer?
Generate a Hard Behavioural question for a Data Analyst focusing on Statistics,Describe a situation where you had to make a critical architectural decision involving Statistics under tight time pressure.
Generate a Medium Design question for a Data Analyst focusing on Power BI,Design the database schema for a notification service that uses Power BI as its data layer.
Generate a Hard Scenario question for a Frontend Developer focusing on Redux,Your notification service is experiencing memory leak at 10x normal traffic. How do you use Redux to diagnose and resolve it?
Generate a Easy Conceptual question for a Backend Developer focusing on REST API,Explain the basic concept of REST API in simple terms.
Generate a Easy Design question for a Frontend Developer focusing on Next.js,Design a simple todo app using Next.js as the core technology.
Generate a Easy Behavioural question for a Data Analyst focusing on Tableau,Tell me about a project where you used Tableau.
Generate a Hard Conceptual question for a Backend Developer focusing on Django,What are the internal memory management strategies used by Django?
Generate a Medium Design question for a Data Analyst focusing on Python,Design the database schema for a real-time chat app that uses Python as its data layer.
Generate a Easy Conceptual question for a Frontend Developer focusing on CSS,What is CSS and why is it important for a Frontend Developer?
Generate a Medium Design question for a ML Engineer focusing on Model Deployment,"How would you design a RESTful API using Model Deployment that supports 10,000 concurrent users?"
Generate a Easy Conceptual question for a Frontend Developer focusing on HTML5,Explain the basic concept of HTML5 in simple terms.
Generate a Easy Scenario question for a Data Analyst focusing on Power BI,"If a junior developer asked you to explain Power BI, what real-world analogy would you use?"
Generate a Hard Design question for a Backend Developer focusing on PostgreSQL,Design a highly scalable analytics dashboard using PostgreSQL that handles 1 million events per second.
Generate a Medium Conceptual question for a Frontend Developer focusing on Vue.js,How does Vue.js handle authentication at scale in a production environment?
Generate a Easy Behavioural question for a Frontend Developer focusing on TypeScript,Describe your experience learning TypeScript for the first time.
Generate a Medium Conceptual question for a Frontend Developer focusing on Next.js,What are common pitfalls when using Next.js and how do you avoid them?
Generate a Easy Conceptual question for a Backend Developer focusing on Node.js,What are the main features of Node.js?
Generate a Easy Conceptual question for a ML Engineer focusing on MLflow,What are the main features of MLflow?
Generate a Hard Debugging question for a Backend Developer focusing on Node.js,Your Node.js deployment is experiencing cascading failures across microservices. How do you isolate the root cause?
Generate a Hard Behavioural question for a ML Engineer focusing on Model Deployment,Describe a situation where you had to make a critical architectural decision involving Model Deployment under tight time pressure.
Generate a Medium Debugging question for a ML Engineer focusing on BERT,A memory leak is suspected in your BERT application. How do you confirm and eliminate it?
Generate a Medium Behavioural question for a Backend Developer focusing on FastAPI,Tell me about a time you had to convince your team to adopt FastAPI. How did you make the case?
Generate a Easy Behavioural question for a Data Analyst focusing on Power BI,Describe your experience learning Power BI for the first time.
Generate a Easy Design question for a Backend Developer focusing on Redis,How would you structure a basic project using Redis?
Generate a Medium Design question for a Backend Developer focusing on FastAPI,"How would you design a RESTful API using FastAPI that supports 10,000 concurrent users?"
Generate a Hard Design question for a ML Engineer focusing on BERT,Design a highly scalable e-commerce platform using BERT that handles 1 million events per second.
Generate a Easy Behavioural question for a Backend Developer focusing on Docker,Describe your experience learning Docker for the first time.
Generate a Easy Conceptual question for a Backend Developer focusing on MongoDB,What problem does MongoDB solve in software development?
Generate a Medium Design question for a Frontend Developer focusing on Redux,"How would you design a RESTful API using Redux that supports 10,000 concurrent users?"
Generate a Hard Behavioural question for a Frontend Developer focusing on React,"Tell me about a time React caused a production incident that affected users. How did you lead the resolution, and what did you change afterwards?"
Generate a Easy Debugging question for a Backend Developer focusing on Django,Your Django application is throwing an unhandled error on startup. What are your first steps?
Generate a Medium Scenario question for a Frontend Developer focusing on HTML5,How would you use HTML5 to handle real-time data consistency in a real-world application?
Generate a Easy Scenario question for a Data Analyst focusing on Tableau,"If a junior developer asked you to explain Tableau, what real-world analogy would you use?"
Generate a Easy Design question for a DevOps Engineer focusing on Terraform,How would you structure a basic project using Terraform?
Generate a Medium Behavioural question for a Frontend Developer focusing on Redux,Tell me about a time you had to convince your team to adopt Redux. How did you make the case?
Generate a Easy Behavioural question for a DevOps Engineer focusing on CI/CD,Tell me about a project where you used CI/CD.
Generate a Hard Design question for a Full Stack Developer focusing on Docker,Design a highly scalable real-time chat app using Docker that handles 1 million events per second.
Generate a Hard Scenario question for a Frontend Developer focusing on Redux,A critical deadline is approaching and Redux is causing unexpected memory leak. How do you manage the situation?
Generate a Easy Behavioural question for a Backend Developer focusing on Django,Describe your experience learning Django for the first time.
